step,num_vehicles,avg_waiting_time,queue_length
0,8,0.0,0
1,12,0.0,0
2,12,0.0,0
3,12,0.0,0
4,12,0.08333333333333333,1
5,12,0.16666666666666666,2
6,10,0.5,3
7,10,1.1,6
8,9,1.8888888888888888,6
9,16,1.4375,6
10,20,1.45,6
11,18,1.9444444444444444,6
12,18,2.2777777777777777,6
13,18,2.7222222222222223,8
14,17,3.5294117647058822,11
15,17,4.176470588235294,11
16,16,5.1875,12
17,14,6.785714285714286,12
18,19,5.631578947368421,12
19,21,5.666666666666667,12
20,20,6.55,12
21,20,7.2,13
22,20,7.9,14
23,19,9.052631578947368,14
24,18,10.333333333333334,14
25,18,11.11111111111111,14
26,15,14.266666666666667,14
27,19,12.0,14
28,21,11.523809523809524,14
29,20,12.8,14
30,20,13.5,14
31,20,14.2,14
32,19,15.68421052631579,14
33,18,17.333333333333332,14
34,18,18.11111111111111,14
35,16,21.25,14
36,19,18.63157894736842,14
37,21,17.523809523809526,14
38,20,19.1,14
39,20,19.8,14
40,20,20.5,14
41,19,22.31578947368421,14
42,18,24.333333333333332,14
43,18,25.11111111111111,14
44,16,29.125,14
45,19,16.789473684210527,10
46,21,8.666666666666666,6
47,22,2.4545454545454546,3
48,22,0.13636363636363635,2
49,22,0.36363636363636365,5
50,23,0.391304347826087,6
51,24,0.5,6
52,23,0.7391304347826086,6
53,23,1.0,6
54,28,1.0357142857142858,6
55,26,1.3461538461538463,6
56,28,1.5,7
57,30,1.6666666666666667,8
58,28,2.1785714285714284,11
59,29,2.5517241379310347,13
60,29,3.103448275862069,16
61,29,3.7241379310344827,18
62,30,4.266666666666667,20
63,29,5.137931034482759,21
64,28,6.071428571428571,21
65,29,6.586206896551724,21
66,29,7.310344827586207,21
67,29,8.03448275862069,21
68,29,8.758620689655173,21
69,30,9.166666666666666,21
70,29,10.206896551724139,21
71,29,10.931034482758621,21
72,30,11.266666666666667,21
73,29,12.379310344827585,21
74,29,13.10344827586207,21
75,29,13.827586206896552,21
76,29,14.551724137931034,21
77,29,15.275862068965518,21
78,29,16.03448275862069,22
79,29,16.724137931034484,21
80,28,18.071428571428573,21
81,28,18.821428571428573,21
82,29,16.586206896551722,18
83,28,17.0,17
84,28,16.785714285714285,16
85,27,18.037037037037038,17
86,29,17.413793103448278,18
87,29,17.06896551724138,18
88,27,17.962962962962962,17
89,27,16.40740740740741,16
90,28,10.107142857142858,11
91,27,5.2592592592592595,9
92,27,0.4074074074074074,6
93,29,0.6206896551724138,9
94,29,1.103448275862069,14
95,30,1.3,13
96,30,1.7,15
97,30,2.1,14
98,30,2.533333333333333,14
99,29,3.103448275862069,14
100,30,3.466666666666667,14
101,28,4.214285714285714,14
102,28,4.75,15
103,28,5.321428571428571,16
104,29,5.689655172413793,16
105,28,6.535714285714286,18
106,29,6.931034482758621,18
107,28,7.857142857142857,19
108,30,8.033333333333333,21
109,29,9.068965517241379,22
110,30,9.5,22
111,28,10.964285714285714,22
112,29,11.344827586206897,22
113,30,11.7,22
114,29,12.862068965517242,22
115,30,12.733333333333333,21
116,28,13.964285714285714,20
117,28,14.321428571428571,19
118,29,14.137931034482758,18
119,28,15.285714285714286,18
120,29,15.379310344827585,18
121,29,16.0,18
122,29,16.620689655172413,18
123,29,17.275862068965516,19
124,29,17.96551724137931,20
125,29,18.655172413793103,20
126,29,19.379310344827587,21
127,28,20.821428571428573,21
128,28,21.607142857142858,22
129,29,21.620689655172413,22
130,29,21.379310344827587,21
131,29,21.17241379310345,20
132,29,20.655172413793103,19
133,28,20.821428571428573,18
134,28,21.142857142857142,17
135,29,14.655172413793103,15
136,27,9.814814814814815,12
137,29,3.7586206896551726,13
138,28,1.3928571428571428,12
139,28,1.8928571428571428,14
140,29,2.3793103448275863,16
141,29,2.9655172413793105,17
142,29,3.6206896551724137,19
143,29,4.310344827586207,20
144,29,5.0,20
145,29,5.724137931034483,21
146,29,6.448275862068965,21
147,28,7.428571428571429,21
148,28,8.178571428571429,21
149,29,8.620689655172415,21
150,29,9.344827586206897,21
151,28,10.428571428571429,21
152,29,10.793103448275861,21
153,29,11.517241379310345,21
154,28,12.678571428571429,21
155,29,12.96551724137931,21
156,28,14.178571428571429,21
157,30,13.933333333333334,21
158,29,15.137931034482758,21
159,28,16.428571428571427,21
160,29,16.586206896551722,21
161,29,17.310344827586206,21
162,29,18.03448275862069,21
163,29,18.75862068965517,21
164,28,20.178571428571427,21
165,30,19.533333333333335,21
166,29,20.93103448275862,21
167,28,22.428571428571427,21
168,29,22.379310344827587,21
169,28,23.928571428571427,21
170,29,23.82758620689655,21
171,29,24.551724137931036,21
172,27,27.14814814814815,21
173,29,26.0,21
174,28,27.678571428571427,21
175,29,27.448275862068964,21
176,29,28.17241379310345,21
177,29,28.896551724137932,21
178,29,28.17241379310345,20
179,29,26.0,18
180,29,17.448275862068964,13
181,28,9.142857142857142,8
182,28,1.6428571428571428,6
183,29,0.5517241379310345,8
184,30,0.9,11
185,30,1.3333333333333333,13
186,29,1.8620689655172413,14
187,29,2.4482758620689653,17
188,28,3.25,20
189,29,3.5517241379310347,19
190,28,4.178571428571429,18
191,28,4.678571428571429,18
192,29,5.0,18
193,30,5.466666666666667,19
194,31,5.903225806451613,19
195,29,7.0,20
196,29,7.689655172413793,20
197,29,8.413793103448276,21
198,28,9.5,22
199,30,9.6,22
200,29,10.689655172413794,22
201,29,11.448275862068966,22
202,29,12.206896551724139,22
203,28,13.428571428571429,22
204,29,13.10344827586207,21
205,29,13.206896551724139,20
206,29,13.344827586206897,19
207,29,13.448275862068966,18
208,30,13.6,18
209,29,14.689655172413794,18
210,30,14.833333333333334,19
211,30,15.566666666666666,22
212,28,17.392857142857142,21
213,28,18.142857142857142,21
214,29,18.275862068965516,22
215,28,19.714285714285715,22
216,30,19.133333333333333,22
217,28,21.285714285714285,22
218,29,21.310344827586206,22
219,30,21.333333333333332,22
220,28,23.642857142857142,22
221,30,22.8,22
222,29,22.862068965517242,20
223,28,22.892857142857142,18
224,30,20.6,17
225,28,14.964285714285714,13
226,28,9.321428571428571,14
227,30,3.433333333333333,10
228,28,1.1071428571428572,11
229,27,1.5925925925925926,12
230,27,2.074074074074074,13
231,28,2.5,14
232,29,2.9655172413793105,16
233,30,3.433333333333333,17
234,29,4.172413793103448,18
235,29,4.862068965517241,20
236,29,5.551724137931035,20
237,28,6.5,21
238,29,7.0,21
239,29,7.724137931034483,21
240,29,8.448275862068966,21
241,28,9.142857142857142,20
242,29,9.172413793103448,19
243,28,9.857142857142858,18
244,28,10.214285714285714,17
245,29,10.448275862068966,17
246,29,11.03448275862069,17
247,28,12.071428571428571,18
248,28,12.678571428571429,18
249,29,12.793103448275861,17
250,27,14.37037037037037,17
251,29,13.96551724137931,17
252,30,14.066666666666666,17
253,29,15.137931034482758,17
254,28,16.321428571428573,18
255,28,17.0,19
256,28,16.714285714285715,18
257,29,15.862068965517242,18
258,28,16.107142857142858,17
259,29,15.275862068965518,17
260,29,14.96551724137931,16
261,28,16.071428571428573,16
262,29,16.103448275862068,17
263,28,17.285714285714285,17
264,29,17.310344827586206,18
265,29,17.96551724137931,19
266,28,19.25,19
267,28,19.714285714285715,18
268,29,19.0,17
269,28,19.607142857142858,15
270,28,13.035714285714286,11
271,28,6.428571428571429,8
272,27,0.4074074074074074,6
273,28,0.6785714285714286,8
274,29,1.103448275862069,13
275,30,1.5,14
276,30,2.1,18
277,30,2.7333333333333334,19
278,29,3.5172413793103448,20
279,30,4.1,21
280,28,5.178571428571429,22
281,29,5.758620689655173,22
282,30,6.3,22
283,29,7.275862068965517,22
284,29,8.03448275862069,22
285,29,8.793103448275861,22
286,29,9.551724137931034,22
287,29,10.310344827586206,22
288,28,11.464285714285714,22
289,29,11.827586206896552,22
290,28,13.035714285714286,22
291,30,12.9,22
292,29,14.10344827586207,22
293,28,15.392857142857142,22
294,28,16.178571428571427,22
295,28,16.964285714285715,22
296,29,17.137931034482758,22
297,29,17.896551724137932,22
298,29,18.655172413793103,22
299,29,19.413793103448278,22
300,29,20.17241379310345,22
301,30,20.233333333333334,22
302,30,20.966666666666665,22
303,29,22.448275862068964,22
304,29,23.20689655172414,22
305,28,24.821428571428573,22
306,29,24.724137931034484,22
307,30,24.633333333333333,22
308,28,27.178571428571427,22
309,29,27.0,22
310,28,28.75,22
311,29,28.517241379310345,22
312,30,28.3,22
313,28,29.607142857142858,21
314,30,25.666666666666668,19
315,28,18.928571428571427,13
316,28,10.428571428571429,9
317,30,3.066666666666667,8
318,30,0.5666666666666667,9
319,29,1.0,12
320,28,1.6428571428571428,17
321,29,2.1379310344827585,17
322,29,2.7586206896551726,18
323,29,3.413793103448276,19
324,29,4.103448275862069,20
325,29,4.827586206896552,21
326,29,5.551724137931035,21
327,29,6.275862068965517,21
328,29,7.0,21
329,28,8.0,21
330,29,8.448275862068966,21
331,29,9.172413793103448,21
332,29,9.89655172413793,21
333,28,11.0,21
334,27,12.185185185185185,21
335,29,12.068965517241379,21
336,28,13.25,21
337,27,14.518518518518519,21
338,29,14.241379310344827,21
339,28,15.5,21
340,29,15.689655172413794,21
341,29,16.413793103448278,21
342,28,17.75,21
343,29,17.862068965517242,21
344,29,18.586206896551722,21
345,28,20.0,21
346,29,20.03448275862069,21
347,29,20.75862068965517,21
348,29,21.482758620689655,21
349,29,22.20689655172414,21
350,29,22.93103448275862,21
351,29,23.655172413793103,21
352,29,24.379310344827587,21
353,29,25.103448275862068,21
354,29,25.82758620689655,21
355,28,27.5,21
356,29,27.275862068965516,21
357,28,27.535714285714285,20
358,29,24.482758620689655,18
359,27,24.11111111111111,17
360,28,14.821428571428571,12
361,28,6.357142857142857,9
362,27,0.5555555555555556,7
363,27,0.8888888888888888,9
364,30,1.2333333333333334,13
365,29,1.7586206896551724,14
366,29,2.310344827586207,16
367,29,2.896551724137931,17
368,29,3.5517241379310347,19
369,30,4.1,20
370,30,4.8,21
371,29,5.689655172413793,21
372,30,6.233333333333333,22
373,28,7.5,23
374,29,7.9655172413793105,22
375,28,8.607142857142858,21
376,29,8.655172413793103,20
377,28,8.928571428571429,18
378,28,8.821428571428571,16
379,29,8.724137931034482,15
380,30,8.633333333333333,14
381,31,8.838709677419354,15
382,30,9.7,17
383,29,10.620689655172415,17
384,30,10.866666666666667,18
385,28,12.357142857142858,20
386,30,12.233333333333333,21
387,29,13.413793103448276,22
388,28,14.678571428571429,22
389,30,14.433333333333334,22
390,29,15.689655172413794,22
391,30,15.9,22
392,29,17.20689655172414,22
393,30,17.366666666666667,22
394,30,18.1,22
395,29,19.482758620689655,22
396,30,19.566666666666666,22
397,28,21.75,22
398,30,21.033333333333335,22
399,29,22.517241379310345,22
400,28,24.107142857142858,22
401,30,23.233333333333334,22
402,28,24.142857142857142,20
403,30,21.8,18
404,29,21.82758620689655,17
405,29,14.862068965517242,13
406,28,9.535714285714286,11
407,29,3.6206896551724137,12
408,28,1.1071428571428572,12
409,28,1.6428571428571428,15
410,28,2.1785714285714284,15
411,30,2.6,17
412,28,3.4285714285714284,18
413,28,4.142857142857143,20
414,29,4.724137931034483,21
415,30,5.266666666666667,21
416,29,6.172413793103448,21
417,29,6.896551724137931,21
418,29,7.620689655172414,21
419,29,8.344827586206897,21
420,28,9.392857142857142,21
421,29,9.793103448275861,21
422,29,10.517241379310345,21
423,29,11.241379310344827,21
424,29,11.96551724137931,21
425,30,12.266666666666667,21
426,29,13.413793103448276,21
427,29,14.137931034482758,21
428,28,15.392857142857142,21
429,29,15.586206896551724,21
430,29,16.310344827586206,21
431,29,17.03448275862069,21
432,29,17.75862068965517,21
433,29,18.482758620689655,21
434,29,19.20689655172414,21
435,29,19.0,20
436,29,18.79310344827586,19
437,28,19.214285714285715,18
438,28,18.928571428571427,17
439,29,18.862068965517242,17
440,28,20.142857142857142,17
441,29,20.06896551724138,18
442,28,21.428571428571427,18
443,28,22.107142857142858,19
444,29,22.0,19
445,28,23.5,20
446,28,24.035714285714285,20
447,29,23.724137931034484,19
448,28,25.142857142857142,19
449,29,23.310344827586206,17
450,29,16.20689655172414,14
451,27,9.703703703703704,10
452,27,2.037037037037037,8
453,28,0.8571428571428571,8
454,30,1.1333333333333333,10
455,29,1.6896551724137931,15
456,29,2.310344827586207,18
457,30,2.9,20
458,28,3.892857142857143,22
459,30,4.366666666666666,22
460,28,5.464285714285714,22
461,29,6.0344827586206895,22
462,29,6.793103448275862,22
463,29,7.551724137931035,22
464,29,8.310344827586206,22
465,29,9.068965517241379,22
466,29,9.827586206896552,22
467,28,10.964285714285714,22
468,30,10.966666666666667,22
469,30,11.7,22
470,29,12.862068965517242,22
471,30,13.166666666666666,22
472,28,14.892857142857142,22
473,29,15.137931034482758,22
474,29,15.89655172413793,22
475,28,17.25,22
476,30,16.833333333333332,22
477,29,18.17241379310345,22
478,29,18.93103448275862,22
479,30,19.033333333333335,22
480,29,20.448275862068964,22
481,29,21.20689655172414,22
482,29,21.96551724137931,22
483,28,23.535714285714285,22
484,30,22.7,22
485,29,24.24137931034483,22
486,30,24.166666666666668,22
487,29,25.75862068965517,22
488,30,25.633333333333333,22
489,30,26.366666666666667,22
490,29,28.03448275862069,22
491,29,28.79310344827586,22
492,29,26.82758620689655,20
493,29,24.82758620689655,18
494,30,22.066666666666666,17
495,29,14.586206896551724,13
496,29,9.0,11
497,30,3.3333333333333335,10
498,28,0.9642857142857143,10
499,28,1.5,15
500,29,2.0,16
501,29,2.6206896551724137,18
502,29,3.206896551724138,18
503,28,4.035714285714286,20
504,28,4.785714285714286,21
505,29,5.344827586206897,21
506,29,6.068965517241379,21
507,29,6.793103448275862,21
508,29,7.517241379310345,21
509,29,8.241379310344827,21
510,29,8.96551724137931,21
511,29,9.689655172413794,21
512,29,10.413793103448276,21
513,28,11.535714285714286,21
514,30,11.466666666666667,21
515,28,13.071428571428571,22
516,29,12.689655172413794,20
517,28,13.214285714285714,19
518,28,13.25,18
519,27,13.777777777777779,17
520,29,12.862068965517242,17
521,26,15.038461538461538,18
522,28,14.607142857142858,18
523,28,15.25,18
524,30,14.866666666666667,19
525,29,16.03448275862069,19
526,28,17.321428571428573,20
527,29,17.448275862068964,21
528,29,18.17241379310345,21
529,30,18.266666666666666,21
530,29,19.620689655172413,21
531,29,20.344827586206897,21
532,28,21.821428571428573,21
533,29,21.79310344827586,21
534,28,23.321428571428573,21
535,29,23.24137931034483,21
536,28,24.821428571428573,21
537,29,22.655172413793103,19
538,29,21.310344827586206,17
539,29,20.06896551724138,16
540,29,12.551724137931034,12
541,28,6.5,8
542,27,0.5925925925925926,8
543,29,0.896551724137931,10
544,30,1.3333333333333333,14
545,30,1.8666666666666667,16
546,28,2.6785714285714284,19
547,29,3.2758620689655173,20
548,28,4.178571428571429,22
549,30,4.633333333333334,22
550,29,5.551724137931035,22
551,28,6.535714285714286,22
552,30,6.833333333333333,22
553,30,7.566666666666666,22
554,29,8.137931034482758,21
555,29,8.448275862068966,20
556,28,9.071428571428571,19
557,29,9.03448275862069,18
558,29,9.655172413793103,18
559,30,9.933333333333334,18
560,29,10.89655172413793,18
561,29,11.586206896551724,20
562,30,11.866666666666667,20
563,30,12.566666666666666,21
564,28,13.25,19
565,30,12.166666666666666,18
566,28,12.785714285714286,16
567,28,12.535714285714286,14
568,30,12.166666666666666,14
569,28,13.571428571428571,15
570,29,13.689655172413794,17
571,29,14.275862068965518,17
572,28,15.428571428571429,18
573,30,15.066666666666666,20
574,28,16.928571428571427,22
575,30,16.533333333333335,22
576,28,18.5,22
577,29,18.620689655172413,22
578,30,18.733333333333334,22
579,29,20.137931034482758,22
580,30,20.2,22
581,28,22.428571428571427,22
582,30,21.666666666666668,22
583,30,22.4,22
584,29,22.862068965517242,20
585,30,15.666666666666666,14
586,28,10.0,10
587,30,2.966666666666667,6
588,30,0.4666666666666667,9
589,30,0.8333333333333334,12
590,29,1.4137931034482758,16
591,31,1.8709677419354838,17
592,29,2.6551724137931036,19
593,29,3.310344827586207,19
594,29,4.0344827586206895,21
595,28,4.928571428571429,21
596,29,5.482758620689655,21
597,29,6.206896551724138,21
598,28,7.178571428571429,21
599,29,7.655172413793103,21
600,28,8.678571428571429,21
601,28,9.428571428571429,21
602,29,9.827586206896552,21
603,28,10.928571428571429,21
604,29,11.275862068965518,21
605,27,12.88888888888889,21
606,28,13.178571428571429,21
607,29,13.448275862068966,21
608,30,13.7,21
609,29,14.89655172413793,21
610,29,15.620689655172415,21
611,29,16.344827586206897,21
612,29,17.06896551724138,21
613,29,17.79310344827586,21
614,29,18.517241379310345,21
615,30,18.6,21
616,29,19.96551724137931,21
617,29,20.689655172413794,21
618,29,21.413793103448278,21
619,29,22.137931034482758,21
620,28,23.678571428571427,21
621,29,23.586206896551722,21
622,29,24.310344827586206,21
623,29,25.03448275862069,21
624,29,25.75862068965517,21
625,30,25.6,21
626,29,27.20689655172414,21
627,28,28.928571428571427,21
628,29,28.655172413793103,21
629,29,26.482758620689655,19
630,27,19.51851851851852,14
631,28,10.214285714285714,8
632,28,1.6071428571428572,5
633,30,0.4,6
634,29,0.7586206896551724,10
635,29,1.206896551724138,13
636,28,1.8214285714285714,16
637,30,2.3333333333333335,19
638,28,3.25,21
639,30,3.7333333333333334,21
640,30,4.466666666666667,22
641,30,5.2,22
642,28,6.357142857142857,22
643,30,6.666666666666667,22
644,28,7.928571428571429,22
645,30,8.133333333333333,22
646,29,9.172413793103448,22
647,29,9.931034482758621,22
648,29,10.689655172413794,22
649,29,11.448275862068966,22
650,30,11.8,22
651,29,12.96551724137931,22
652,30,13.266666666666667,22
653,29,14.482758620689655,22
654,28,15.785714285714286,22
655,30,15.466666666666667,22
656,30,16.2,22
657,29,17.517241379310345,22
658,29,18.275862068965516,22
659,29,19.03448275862069,22
660,28,20.5,22
661,30,19.866666666666667,22
662,28,22.071428571428573,22
663,30,21.333333333333332,22
664,28,23.642857142857142,22
665,29,23.586206896551722,22
666,29,24.344827586206897,22
667,30,24.266666666666666,22
668,28,25.535714285714285,21
669,29,24.20689655172414,20
670,29,23.75862068965517,19
671,29,23.310344827586206,18
672,29,23.93103448275862,18
673,29,23.24137931034483,19
674,28,23.25,17
675,29,15.586206896551724,13
676,28,8.964285714285714,8
677,30,3.066666666666667,7
678,30,0.6666666666666666,9
679,29,1.103448275862069,12
680,27,1.7407407407407407,15
681,29,2.1379310344827585,15
682,29,2.689655172413793,16
683,30,3.2,18
684,28,4.107142857142857,19
685,28,4.571428571428571,20
686,29,4.931034482758621,19
687,27,5.814814814814815,18
688,29,5.896551724137931,17
689,30,6.3,18
690,29,7.137931034482759,18
691,29,7.793103448275862,19
692,29,8.448275862068966,19
693,29,9.10344827586207,19
694,30,9.466666666666667,20
695,29,10.517241379310345,21
696,28,11.642857142857142,21
697,29,11.96551724137931,21
698,29,12.689655172413794,21
699,28,13.892857142857142,21
700,29,14.137931034482758,21
701,29,14.862068965517242,21
702,29,15.586206896551724,21
703,28,16.892857142857142,21
704,29,17.03448275862069,21
705,29,17.75862068965517,21
706,28,19.142857142857142,21
707,29,19.20689655172414,21
708,29,19.93103448275862,21
709,29,20.655172413793103,21
710,29,21.379310344827587,21
711,28,22.892857142857142,21
712,29,22.82758620689655,21
713,28,24.392857142857142,21
714,28,24.214285714285715,20
715,29,23.20689655172414,19
716,28,23.892857142857142,18
717,28,22.285714285714285,16
718,30,20.033333333333335,15
719,27,21.48148148148148,15
720,27,13.962962962962964,11
721,27,6.555555555555555,8
722,26,0.5,7
723,26,0.8461538461538461,9
724,29,1.1724137931034482,12
725,29,1.6896551724137931,15
726,29,2.310344827586207,18
727,29,2.9310344827586206,18
728,28,3.75,20
729,29,4.344827586206897,21
730,30,4.933333333333334,22
731,29,5.862068965517241,22
732,30,6.4,22
733,29,7.379310344827586,22
734,28,8.428571428571429,22
735,30,8.6,22
736,28,10.0,22
737,30,10.066666666666666,22
738,28,11.571428571428571,22
739,30,11.533333333333333,22
740,29,12.689655172413794,22
741,30,13.0,22
742,29,14.206896551724139,22
743,28,15.5,22
744,30,15.2,22
745,29,16.482758620689655,22
746,28,17.035714285714285,21
747,29,16.413793103448278,20
748,28,16.964285714285715,19
749,28,16.928571428571427,18
750,30,16.4,18
751,29,17.620689655172413,19
752,29,18.275862068965516,19
753,29,18.96551724137931,20
754,28,20.357142857142858,20
755,30,19.7,21
756,30,20.433333333333334,22
757,29,20.689655172413794,21
758,29,20.275862068965516,20
759,29,19.862068965517242,19
760,29,19.413793103448278,18
761,29,20.03448275862069,18
762,31,18.967741935483872,18
763,29,20.448275862068964,16
764,29,20.655172413793103,15
765,29,14.655172413793103,13
766,28,9.321428571428571,11
767,30,3.3666666666666667,10
768,29,0.9655172413793104,12
769,28,1.5,14
770,30,1.9666666666666666,17
771,29,2.6551724137931036,18
772,29,3.310344827586207,19
773,29,4.0,20
774,29,4.724137931034483,21
775,28,5.642857142857143,21
776,29,6.172413793103448,21
777,29,6.896551724137931,21
778,28,7.464285714285714,20
779,29,7.551724137931035,19
780,28,8.142857142857142,18
781,29,8.137931034482758,17
782,29,8.758620689655173,18
783,28,9.678571428571429,18
784,27,10.703703703703704,18
785,28,11.0,19
786,28,11.678571428571429,19
787,29,11.96551724137931,20
788,28,13.142857142857142,21
789,29,13.413793103448276,21
790,29,14.137931034482758,21
791,29,14.862068965517242,21
792,28,16.142857142857142,21
793,29,16.310344827586206,21
794,29,17.03448275862069,21
795,29,17.75862068965517,21
796,29,18.482758620689655,21
797,29,19.20689655172414,21
798,29,19.93103448275862,21
799,29,20.655172413793103,21
800,29,21.379310344827587,21
801,29,22.103448275862068,21
802,28,23.642857142857142,21
803,28,23.071428571428573,20
804,28,22.5,19
805,28,21.892857142857142,18
806,29,20.586206896551722,17
807,28,19.821428571428573,15
808,28,19.535714285714285,15
809,28,19.178571428571427,13
810,27,12.814814814814815,10
811,26,6.884615384615385,8
812,28,0.5,8
813,30,0.8333333333333334,11
814,31,1.2258064516129032,13
815,30,1.7666666666666666,16
816,28,2.4642857142857144,17
817,30,2.933333333333333,19
818,28,3.892857142857143,21
819,29,4.517241379310345,22
820,28,5.464285714285714,22
821,28,6.25,22
822,28,7.035714285714286,22
823,29,7.551724137931035,22
824,29,8.310344827586206,22
825,30,8.766666666666667,22
826,28,10.178571428571429,22
827,29,10.586206896551724,22
828,29,11.344827586206897,22
829,29,12.10344827586207,22
830,30,12.433333333333334,22
831,28,14.107142857142858,22
832,29,13.689655172413794,21
833,30,13.3,20
834,29,13.827586206896552,19
835,29,13.862068965517242,18
836,28,15.0,18
837,30,14.6,18
838,29,15.758620689655173,19
839,29,16.413793103448278,19
840,29,17.103448275862068,20
841,29,17.82758620689655,21
842,30,17.933333333333334,21
843,29,19.310344827586206,22
844,28,20.785714285714285,22
845,29,20.82758620689655,22
846,28,22.357142857142858,22
847,30,21.6,22
848,29,23.103448275862068,22
849,29,23.862068965517242,22
850,29,24.620689655172413,22
851,28,26.285714285714285,22
852,30,23.933333333333334,22
853,30,23.366666666666667,21
854,29,23.03448275862069,19
855,29,15.655172413793103,14
856,28,9.857142857142858,11
857,30,3.3333333333333335,10
858,29,0.9310344827586207,10
859,28,1.3571428571428572,11
860,27,1.9259259259259258,14
861,30,2.3,17
862,29,3.0,18
863,29,3.689655172413793,20
864,29,4.379310344827586,20
865,29,5.103448275862069,21
866,28,5.678571428571429,20
867,28,6.107142857142857,19
868,28,6.5,18
869,28,6.892857142857143,17
870,29,7.0344827586206895,16
871,28,7.857142857142857,16
872,28,8.464285714285714,17
873,29,8.793103448275861,18
874,29,9.413793103448276,18
875,29,10.068965517241379,19
876,30,10.4,20
877,29,11.517241379310345,22
878,29,12.206896551724139,21
879,28,13.392857142857142,21
880,29,13.655172413793103,21
881,28,14.892857142857142,21
882,29,15.10344827586207,21
883,29,15.827586206896552,21
884,28,17.142857142857142,21
885,29,17.275862068965516,21
886,29,18.0,21
887,29,18.724137931034484,21
888,29,19.448275862068964,21
889,28,20.892857142857142,21
890,29,20.896551724137932,21
891,28,22.392857142857142,21
892,28,23.142857142857142,21
893,28,23.892857142857142,21
894,29,23.79310344827586,21
895,29,24.517241379310345,21
896,29,25.24137931034483,21
897,29,25.96551724137931,21
898,29,25.75862068965517,20
899,29,24.03448275862069,18
900,29,16.137931034482758,14
901,28,8.571428571428571,9
902,28,0.39285714285714285,6
903,28,0.6785714285714286,8
904,29,1.103448275862069,13
905,30,1.5666666666666667,15
906,29,2.2413793103448274,18
907,30,2.8,19
908,29,3.6206896551724137,21
909,28,4.535714285714286,22
910,30,4.966666666666667,22
911,28,6.107142857142857,22
912,30,6.433333333333334,22
913,28,7.678571428571429,22
914,30,7.9,22
915,29,8.931034482758621,22
916,28,10.035714285714286,22
917,30,10.1,22
918,29,11.206896551724139,22
919,29,11.96551724137931,22
920,29,12.724137931034482,22
921,28,13.964285714285714,22
922,30,13.766666666666667,22
923,28,15.535714285714286,22
924,30,15.233333333333333,22
925,29,16.517241379310345,22
926,29,17.275862068965516,22
927,30,17.433333333333334,22
928,28,19.464285714285715,22
929,29,19.551724137931036,22
930,27,21.814814814814813,22
931,28,21.821428571428573,22
932,29,21.82758620689655,22
933,28,23.392857142857142,22
934,28,23.071428571428573,21
935,28,22.75,20
936,29,21.620689655172413,19
937,29,21.24137931034483,18
938,30,21.133333333333333,18
939,29,22.517241379310345,19
940,28,24.0,19
941,28,24.714285714285715,20
942,29,24.413793103448278,19
943,29,23.517241379310345,17
944,29,22.689655172413794,16
945,28,16.321428571428573,13
946,28,9.214285714285714,9
947,30,3.1333333333333333,7
948,29,0.6206896551724138,8
949,28,1.0357142857142858,11
950,28,1.5,13
951,28,2.0357142857142856,15
952,29,2.4827586206896552,16
953,29,3.0689655172413794,17
954,29,3.689655172413793,18
955,28,4.5,19
956,28,5.035714285714286,19
957,28,5.571428571428571,19
958,27,6.37037037037037,18
959,29,6.448275862068965,17
960,29,7.0344827586206895,17
961,30,7.4,18
962,29,8.241379310344827,18
963,28,9.178571428571429,18
964,29,9.517241379310345,19
965,29,10.206896551724139,20
966,29,10.89655172413793,20
967,29,11.586206896551724,20
968,29,12.310344827586206,21
969,29,13.03448275862069,21
970,28,14.25,21
971,29,14.482758620689655,21
972,29,15.206896551724139,21
973,29,15.931034482758621,21
974,29,16.655172413793103,21
975,29,17.379310344827587,21
976,28,18.75,21
977,29,18.82758620689655,21
978,29,19.551724137931036,21
979,29,20.275862068965516,21
980,29,21.0,21
981,29,21.724137931034484,21
982,29,22.448275862068964,21
983,30,22.4,21
984,28,24.75,21
985,29,24.620689655172413,21
986,27,27.22222222222222,21
987,29,23.79310344827586,19
988,27,23.925925925925927,17
989,29,20.689655172413794,15
990,28,13.392857142857142,10
991,27,6.481481481481482,8
992,26,0.46153846153846156,7
993,28,0.75,9
994,29,1.0689655172413792,10
995,30,1.4666666666666666,13
996,28,2.107142857142857,15
997,30,2.566666666666667,18
998,29,3.310344827586207,19
999,30,3.8333333333333335,19
1000,29,4.655172413793103,20
1001,28,5.571428571428571,21
1002,29,6.137931034482759,22
1003,28,7.142857142857143,22
1004,29,7.655172413793103,22
1005,30,8.133333333333333,22
1006,28,9.5,22
1007,30,9.6,22
1008,29,10.689655172413794,22
1009,28,11.857142857142858,22
1010,29,12.206896551724139,22
1011,28,13.428571428571429,22
1012,29,13.724137931034482,22
1013,29,14.482758620689655,22
1014,30,14.733333333333333,22
1015,30,15.466666666666667,22
1016,29,16.75862068965517,22
1017,29,17.517241379310345,22
1018,29,18.275862068965516,22
1019,28,19.714285714285715,22
1020,30,19.133333333333333,22
1021,28,21.285714285714285,22
1022,29,21.310344827586206,22
1023,29,22.06896551724138,22
1024,29,22.862068965517242,23
1025,29,22.413793103448278,21
1026,28,22.857142857142858,20
1027,28,21.392857142857142,18
1028,28,19.857142857142858,16
1029,29,18.724137931034484,15
1030,28,18.928571428571427,15
1031,28,19.392857142857142,14
1032,29,19.24137931034483,15
1033,29,19.724137931034484,15
1034,29,20.20689655172414,15
1035,29,14.586206896551724,13
1036,28,9.357142857142858,12
1037,29,3.5517241379310347,11
1038,29,1.0344827586206897,11
1039,28,1.6071428571428572,15
1040,30,2.033333333333333,16
1041,29,2.7241379310344827,18
1042,28,3.4285714285714284,18
1043,28,4.107142857142857,19
1044,29,4.655172413793103,20
1045,28,5.571428571428571,21
1046,29,6.103448275862069,21
1047,28,7.071428571428571,21
1048,29,7.551724137931035,21
1049,29,8.275862068965518,21
1050,29,9.0,21
1051,29,9.724137931034482,21
1052,29,10.448275862068966,21
1053,30,10.8,21
1054,29,11.89655172413793,21
1055,29,12.620689655172415,21
1056,29,13.344827586206897,21
1057,29,14.068965517241379,21
1058,29,14.793103448275861,21
1059,29,15.517241379310345,21
1060,29,16.24137931034483,21
1061,29,16.96551724137931,21
1062,30,17.1,21
1063,28,19.071428571428573,21
1064,27,19.51851851851852,20
1065,29,16.93103448275862,18
1066,28,16.285714285714285,16
1067,28,15.035714285714286,14
1068,28,13.75,12
1069,28,14.25,14
1070,28,14.785714285714286,15
1071,28,15.321428571428571,15
1072,29,15.379310344827585,17
1073,28,16.535714285714285,17
1074,29,16.620689655172413,19
1075,29,17.310344827586206,20
1076,29,18.03448275862069,21
1077,29,18.137931034482758,19
1078,29,18.24137931034483,17
1079,28,19.0,15
1080,28,12.642857142857142,12
1081,28,6.428571428571429,8
1082,27,0.5185185185185185,7
1083,26,0.9230769230769231,10
1084,30,1.2666666666666666,14
1085,30,1.8,16
1086,29,2.4482758620689653,18
1087,30,2.966666666666667,18
1088,28,3.857142857142857,19
1089,30,4.333333333333333,22
1090,28,5.428571428571429,22
1091,29,6.0,22
1092,30,6.533333333333333,22
1093,29,7.517241379310345,22
1094,29,8.275862068965518,22
1095,29,9.03448275862069,22
1096,29,9.793103448275861,22
1097,29,10.551724137931034,22
1098,29,11.310344827586206,22
1099,30,11.666666666666666,22
1100,29,12.827586206896552,22
1101,30,13.133333333333333,22
1102,29,14.344827586206897,22
1103,29,15.10344827586207,22
1104,29,15.862068965517242,22
1105,30,16.066666666666666,22
1106,29,17.379310344827587,22
1107,29,18.137931034482758,22
1108,28,19.571428571428573,22
1109,30,19.0,22
1110,28,21.142857142857142,22
1111,28,20.892857142857142,21
1112,29,19.96551724137931,20
1113,28,20.5,19
1114,30,18.9,18
1115,29,20.17241379310345,18
1116,28,21.571428571428573,19
1117,29,21.482758620689655,19
1118,29,22.17241379310345,20
1119,28,23.678571428571427,20
1120,29,23.551724137931036,20
1121,30,23.466666666666665,21
1122,29,23.413793103448278,21
1123,29,22.620689655172413,20
1124,28,22.678571428571427,18
1125,28,15.5,16
1126,28,9.714285714285714,12
1127,30,3.8,14
1128,28,1.4642857142857142,12
1129,28,2.0,15
1130,28,2.5714285714285716,16
1131,30,3.0,18
1132,29,3.7586206896551726,19
1133,29,4.448275862068965,20
1134,29,5.172413793103448,21
1135,29,5.896551724137931,21
1136,29,6.620689655172414,21
1137,29,7.344827586206897,21
1138,30,7.8,21
1139,29,8.793103448275861,21
1140,29,9.517241379310345,21
1141,29,10.241379310344827,21
1142,29,10.96551724137931,21
1143,29,11.689655172413794,21
1144,29,12.413793103448276,21
1145,29,13.137931034482758,21
1146,30,13.4,21
1147,29,14.586206896551724,21
1148,29,15.310344827586206,21
1149,29,16.03448275862069,21
1150,29,16.75862068965517,21
1151,29,17.482758620689655,21
1152,29,18.20689655172414,21
1153,29,18.93103448275862,21
1154,29,19.655172413793103,21
1155,30,19.7,21
1156,29,21.103448275862068,21
1157,29,21.82758620689655,21
1158,28,23.357142857142858,21
1159,28,22.928571428571427,20
1160,28,22.5,19
1161,28,22.071428571428573,18
1162,29,20.862068965517242,17
1163,28,21.142857142857142,16
1164,27,22.51851851851852,16
1165,29,21.551724137931036,17
1166,28,22.928571428571427,17
1167,28,23.464285714285715,17
1168,28,24.071428571428573,18
1169,28,24.607142857142858,17
1170,28,16.928571428571427,13
1171,27,9.703703703703704,9
1172,27,3.6296296296296298,8
1173,28,0.8214285714285714,11
1174,30,1.1666666666666667,12
1175,30,1.6666666666666667,15
1176,29,2.3448275862068964,18
1177,30,2.8666666666666667,19
1178,29,3.689655172413793,21
1179,30,4.3,22
1180,29,5.206896551724138,22
1181,29,5.9655172413793105,22
1182,29,6.724137931034483,22
1183,28,7.75,22
1184,29,8.241379310344827,22
1185,30,8.7,22
1186,28,10.107142857142858,22
1187,30,10.166666666666666,22
1188,28,11.678571428571429,22
1189,30,11.633333333333333,22
1190,29,12.793103448275861,22
1191,29,13.551724137931034,22
1192,29,14.310344827586206,22
1193,29,15.068965517241379,22
1194,29,15.827586206896552,22
1195,28,17.178571428571427,22
1196,29,17.344827586206897,22
1197,28,18.75,22
1198,28,19.535714285714285,22
1199,29,19.620689655172413,22
1200,30,19.7,22
1201,30,20.433333333333334,22
1202,28,22.678571428571427,22
1203,29,22.655172413793103,22
1204,29,23.413793103448278,22
1205,29,24.17241379310345,22
1206,30,24.1,22
1207,28,26.607142857142858,22
1208,30,25.566666666666666,22
1209,30,26.3,22
1210,29,27.96551724137931,22
1211,29,27.344827586206897,21
1212,28,27.714285714285715,20
1213,29,26.17241379310345,19
1214,30,23.366666666666667,19
1215,28,17.857142857142858,15
1216,28,10.75,11
1217,28,3.5357142857142856,7
1218,29,0.7586206896551724,8
1219,28,1.1785714285714286,11
1220,29,1.5517241379310345,12
1221,29,2.0689655172413794,15
1222,29,2.6551724137931036,17
1223,29,3.2758620689655173,18
1224,29,3.9310344827586206,19
1225,29,4.620689655172414,20
1226,27,5.7407407407407405,21
1227,28,6.285714285714286,21
1228,28,7.035714285714286,21
1229,28,7.785714285714286,21
1230,28,8.535714285714286,21
1231,27,9.62962962962963,21
1232,29,9.689655172413794,21
1233,28,10.785714285714286,21
1234,27,11.962962962962964,21
1235,29,11.862068965517242,21
1236,28,13.035714285714286,21
1237,29,13.310344827586206,21
1238,29,14.03448275862069,21
1239,28,15.285714285714286,21
1240,29,15.482758620689655,21
1241,29,16.20689655172414,21
1242,29,16.93103448275862,21
1243,29,17.655172413793103,21
1244,29,18.379310344827587,21
1245,29,19.103448275862068,21
1246,30,19.166666666666668,21
1247,30,19.866666666666667,21
1248,29,21.275862068965516,21
1249,29,22.0,21
1250,29,22.724137931034484,21
1251,29,23.448275862068964,21
1252,29,24.17241379310345,21
1253,29,24.896551724137932,21
1254,30,24.766666666666666,21
1255,29,26.344827586206897,21
1256,29,27.06896551724138,21
1257,29,26.448275862068964,20
1258,29,25.862068965517242,19
1259,29,23.862068965517242,19
1260,28,16.142857142857142,13
1261,28,7.75,10
1262,27,0.5555555555555556,6
1263,29,0.8275862068965517,9
1264,31,1.2580645161290323,15
1265,29,1.8620689655172413,16
1266,29,2.4827586206896552,18
1267,30,3.066666666666667,20
1268,28,4.035714285714286,21
1269,29,4.620689655172414,21
1270,29,5.379310344827586,22
1271,29,6.137931034482759,22
1272,30,6.666666666666667,22
1273,29,7.655172413793103,22
1274,29,8.413793103448276,22
1275,28,9.5,22
1276,29,9.931034482758621,22
1277,29,10.689655172413794,22
1278,28,11.857142857142858,22
1279,29,12.206896551724139,22
1280,29,12.96551724137931,22
1281,28,14.214285714285714,22
1282,30,14.0,22
1283,28,15.785714285714286,22
1284,30,15.466666666666667,22
1285,29,16.75862068965517,22
1286,28,18.142857142857142,22
1287,30,17.666666666666668,22
1288,29,19.03448275862069,22
1289,29,19.79310344827586,22
1290,30,19.866666666666667,22
1291,28,22.071428571428573,22
1292,29,22.06896551724138,22
1293,28,23.642857142857142,22
1294,29,22.448275862068964,21
1295,29,22.103448275862068,20
1296,28,22.535714285714285,19
1297,29,21.379310344827587,18
1298,29,22.03448275862069,19
1299,29,22.620689655172413,18
1300,29,23.275862068965516,19
1301,29,23.96551724137931,20
1302,28,24.071428571428573,19
1303,28,23.285714285714285,17
1304,29,21.724137931034484,17
1305,29,14.758620689655173,14
1306,28,9.535714285714286,12
1307,30,3.533333333333333,11
1308,28,1.1785714285714286,13
1309,28,1.6428571428571428,13
1310,29,2.0344827586206895,13
1311,29,2.4827586206896552,13
1312,29,3.0,15
1313,29,3.586206896551724,17
1314,29,4.206896551724138,18
1315,30,4.7,19
1316,29,5.586206896551724,21
1317,29,6.310344827586207,21
1318,29,7.0344827586206895,21
1319,29,7.758620689655173,21
1320,29,8.482758620689655,21
1321,28,9.535714285714286,21
1322,28,10.285714285714286,21
1323,29,10.655172413793103,21
1324,29,11.379310344827585,21
1325,27,13.0,21
1326,29,12.827586206896552,21
1327,29,13.551724137931034,21
1328,29,14.275862068965518,21
1329,29,15.0,21
1330,29,15.724137931034482,21
1331,29,16.482758620689655,22
1332,28,17.785714285714285,21
1333,27,19.22222222222222,21
1334,29,18.620689655172413,21
1335,27,20.77777777777778,21
1336,29,20.06896551724138,21
1337,28,21.535714285714285,21
1338,29,21.517241379310345,21
1339,29,22.24137931034483,21
1340,29,22.96551724137931,21
1341,29,23.689655172413794,21
1342,29,24.413793103448278,21
1343,28,26.035714285714285,21
1344,29,25.862068965517242,21
1345,28,27.535714285714285,21
1346,28,27.035714285714285,20
1347,29,25.586206896551722,19
1348,28,25.964285714285715,18
1349,29,23.137931034482758,18
1350,29,16.103448275862068,15
1351,27,9.666666666666666,10
1352,27,2.037037037037037,9
1353,27,1.037037037037037,10
1354,30,1.3666666666666667,13
1355,30,1.8333333333333333,14
1356,29,2.4827586206896552,17
1357,30,3.066666666666667,20
1358,29,3.8620689655172415,20
1359,29,4.620689655172414,22
1360,29,5.379310344827586,22
1361,28,6.357142857142857,22
1362,29,6.896551724137931,22
1363,29,7.655172413793103,22
1364,30,8.133333333333333,22
1365,30,8.866666666666667,22
1366,28,10.285714285714286,22
1367,30,10.333333333333334,22
1368,29,11.448275862068966,22
1369,30,11.8,22
1370,30,12.533333333333333,22
1371,29,13.724137931034482,22
1372,29,14.482758620689655,22
1373,28,15.785714285714286,22
1374,30,15.466666666666667,22
1375,28,17.357142857142858,22
1376,30,16.933333333333334,22
1377,30,17.666666666666668,22
1378,29,18.103448275862068,21
1379,28,18.642857142857142,20
1380,28,18.5,19
1381,29,17.724137931034484,18
1382,30,17.733333333333334,18
1383,28,19.642857142857142,18
1384,30,18.933333333333334,18
1385,29,20.24137931034483,19
1386,28,21.678571428571427,20
1387,29,20.448275862068964,20
1388,29,19.93103448275862,19
1389,29,19.448275862068964,18
1390,30,18.366666666666667,18
1391,29,19.620689655172413,18
1392,28,20.678571428571427,17
1393,27,21.77777777777778,16
1394,28,21.357142857142858,17
1395,28,15.25,14
1396,28,9.392857142857142,11
1397,30,3.433333333333333,11
1398,29,1.0689655172413792,11
1399,28,1.5714285714285714,13
1400,29,2.0,14
1401,28,2.607142857142857,15
1402,28,3.1785714285714284,16
1403,28,3.8214285714285716,18
1404,28,4.464285714285714,18
1405,28,5.107142857142857,18
1406,28,5.785714285714286,19
1407,29,6.275862068965517,20
1408,28,7.25,21
1409,29,7.724137931034483,21
1410,29,8.448275862068966,21
1411,29,9.172413793103448,21
1412,30,9.566666666666666,21
1413,29,10.620689655172415,21
1414,29,11.344827586206897,21
1415,29,12.068965517241379,21
1416,29,12.793103448275861,21
1417,29,13.517241379310345,21
1418,29,14.241379310344827,21
1419,29,15.0,22
1420,28,16.25,21
1421,28,17.0,21
1422,28,17.75,21
1423,28,18.5,21
1424,29,18.586206896551722,21
1425,28,20.0,21
1426,29,20.03448275862069,21
1427,29,20.75862068965517,21
1428,29,21.482758620689655,21
1429,29,22.20689655172414,21
1430,29,22.93103448275862,21
1431,29,23.655172413793103,21
1432,29,24.379310344827587,21
1433,30,24.266666666666666,21
1434,28,26.75,21
1435,29,26.551724137931036,21
1436,28,28.25,21
1437,28,26.285714285714285,20
1438,28,24.357142857142858,19
1439,28,22.428571428571427,17
1440,28,13.964285714285714,13
1441,28,6.785714285714286,10
1442,26,0.9615384615384616,10
1443,28,1.2857142857142858,11
1444,30,1.7333333333333334,16
1445,29,2.3448275862068964,17
1446,29,3.0,19
1447,29,3.689655172413793,20
1448,28,4.607142857142857,22
1449,30,5.033333333333333,22
1450,28,6.178571428571429,22
1451,29,6.724137931034483,22
1452,29,7.482758620689655,22
1453,28,8.535714285714286,22
1454,29,8.551724137931034,21
1455,27,9.555555555555555,20
1456,29,9.206896551724139,19
1457,29,9.517241379310345,18
1458,29,10.137931034482758,18
1459,31,10.096774193548388,19
1460,30,11.066666666666666,19
1461,29,11.517241379310345,19
1462,28,12.035714285714286,19
1463,29,11.689655172413794,18
1464,29,11.758620689655173,18
1465,29,12.413793103448276,19
1466,31,12.225806451612904,19
1467,28,14.25,20
1468,30,14.0,21
1469,28,15.75,21
1470,29,15.517241379310345,20
1471,30,15.333333333333334,20
1472,28,16.75,19
1473,30,15.933333333333334,18
1474,29,17.103448275862068,18
1475,30,17.133333333333333,18
1476,29,18.379310344827587,19
1477,30,18.4,19
1478,29,19.724137931034484,20
1479,28,21.142857142857142,20
1480,28,21.892857142857142,21
1481,28,22.464285714285715,21
1482,28,22.392857142857142,19
1483,28,22.321428571428573,17
1484,28,22.178571428571427,15
1485,29,15.0,12
1486,28,9.607142857142858,11
1487,29,3.586206896551724,10
1488,28,0.8928571428571429,10
1489,28,1.3571428571428572,13
1490,29,1.793103448275862,14
1491,31,2.193548387096774,16
1492,28,3.0714285714285716,18
1493,29,3.5172413793103448,17
1494,29,4.172413793103448,19
1495,29,4.862068965517241,20
1496,29,5.551724137931035,20
1497,27,6.7407407407407405,21
1498,29,7.0,21
1499,29,7.724137931034483,21
1500,28,8.75,21
1501,29,9.172413793103448,21
1502,29,9.89655172413793,21
1503,29,10.620689655172415,21
1504,29,11.344827586206897,21
1505,29,12.068965517241379,21
1506,29,12.793103448275861,21
1507,29,13.517241379310345,21
1508,29,14.241379310344827,21
1509,28,15.5,21
1510,29,15.689655172413794,21
1511,28,17.0,21
1512,28,16.892857142857142,20
1513,29,16.20689655172414,19
1514,28,16.642857142857142,18
1515,29,15.931034482758621,17
1516,29,15.827586206896552,16
1517,28,17.0,17
1518,28,16.5,16
1519,28,16.0,15
1520,27,16.185185185185187,15
1521,29,14.655172413793103,14
1522,28,15.714285714285714,15
1523,29,15.724137931034482,16
1524,29,16.310344827586206,17
1525,29,17.0,20
1526,29,17.689655172413794,20
1527,29,18.20689655172414,19
1528,29,18.379310344827587,19
1529,27,19.962962962962962,19
1530,28,13.035714285714286,14
1531,28,6.928571428571429,11
1532,27,0.8518518518518519,9
1533,26,1.3461538461538463,12
1534,30,1.6333333333333333,14
1535,29,2.2413793103448274,16
1536,30,2.7666666666666666,18
1537,29,3.5172413793103448,19
1538,29,4.241379310344827,21
1539,30,4.833333333333333,22
1540,29,5.758620689655173,22
1541,30,6.3,22
1542,29,7.275862068965517,22
1543,29,8.03448275862069,22
1544,29,8.793103448275861,22
1545,28,9.892857142857142,22
1546,30,9.966666666666667,22
1547,28,10.892857142857142,21
1548,28,11.142857142857142,20
1549,29,11.0,19
1550,29,11.206896551724139,18
1551,29,11.827586206896552,18
1552,29,12.482758620689655,19
1553,29,13.172413793103448,20
1554,30,13.4,20
1555,29,14.551724137931034,20
1556,29,15.275862068965518,21
1557,29,16.03448275862069,22
1558,28,17.392857142857142,22
1559,29,17.551724137931036,22
1560,28,18.964285714285715,22
1561,29,19.06896551724138,22
1562,30,19.166666666666668,22
1563,29,20.586206896551722,22
1564,30,20.633333333333333,22
1565,29,22.103448275862068,22
1566,29,22.862068965517242,22
1567,30,22.833333333333332,22
1568,29,24.379310344827587,22
1569,30,24.3,22
1570,30,25.066666666666666,23
1571,28,27.607142857142858,22
1572,29,26.03448275862069,21
1573,28,26.357142857142858,20
1574,28,24.928571428571427,18
1575,29,16.20689655172414,13
1576,28,10.035714285714286,8
1577,30,3.066666666666667,6
1578,29,0.4827586206896552,8
1579,29,0.9310344827586207,13
1580,28,1.4642857142857142,14
1581,30,1.9666666666666666,18
1582,29,2.689655172413793,19
1583,29,3.2758620689655173,18
1584,29,3.9655172413793105,20
1585,29,4.689655172413793,21
1586,29,5.413793103448276,21
1587,29,6.137931034482759,21
1588,28,7.107142857142857,21
1589,29,7.586206896551724,21
1590,29,8.310344827586206,21
1591,29,9.03448275862069,21
1592,30,9.433333333333334,21
1593,30,10.133333333333333,21
1594,29,11.206896551724139,21
1595,29,11.931034482758621,21
1596,29,12.655172413793103,21
1597,29,13.379310344827585,21
1598,28,14.607142857142858,21
1599,29,14.827586206896552,21
1600,28,16.107142857142858,21
1601,28,16.0,20
1602,29,15.310344827586206,19
1603,29,15.172413793103448,18
1604,28,15.607142857142858,17
1605,29,14.931034482758621,16
1606,27,16.62962962962963,16
1607,27,17.22222222222222,16
1608,29,16.586206896551722,16
1609,28,17.821428571428573,18
1610,28,18.321428571428573,16
1611,27,19.59259259259259,16
1612,29,18.79310344827586,16
1613,27,20.77777777777778,16
1614,28,20.642857142857142,17
1615,28,21.285714285714285,18
1616,29,21.20689655172414,19
1617,28,22.5,18
1618,29,22.20689655172414,17
1619,28,22.071428571428573,18
1620,27,15.407407407407407,13
1621,28,7.642857142857143,9
1622,27,0.5185185185185185,6
1623,28,0.8214285714285714,9
1624,30,1.2333333333333334,14
1625,29,1.8275862068965518,16
1626,29,2.4482758620689653,18
1627,29,3.1379310344827585,20
1628,29,3.896551724137931,22
1629,29,4.655172413793103,22
1630,29,5.413793103448276,22
1631,29,6.172413793103448,22
1632,29,6.931034482758621,22
1633,29,7.689655172413793,22
1634,29,8.068965517241379,21
1635,30,8.133333333333333,20
1636,28,9.035714285714286,19
1637,29,9.03448275862069,18
1638,29,9.655172413793103,18
1639,28,10.678571428571429,19
1640,30,10.633333333333333,20
1641,28,12.071428571428571,20
1642,29,12.379310344827585,21
1643,29,13.10344827586207,21
1644,30,13.4,22
1645,30,14.133333333333333,22
1646,29,15.379310344827585,22
1647,29,16.137931034482758,22
1648,29,16.896551724137932,22
1649,29,17.655172413793103,22
1650,30,17.8,22
1651,28,18.821428571428573,21
1652,29,17.93103448275862,20
1653,29,17.689655172413794,19
1654,28,18.035714285714285,18
1655,30,17.433333333333334,18
1656,31,17.483870967741936,19
1657,29,19.344827586206897,19
1658,30,19.366666666666667,20
1659,28,21.464285714285715,20
1660,29,21.413793103448278,20
1661,29,22.137931034482758,21
1662,29,21.82758620689655,20
1663,29,21.517241379310345,18
1664,28,22.0,17
1665,29,14.724137931034482,14
1666,28,9.535714285714286,12
1667,30,3.566666666666667,12
1668,28,1.2142857142857142,13
1669,28,1.6785714285714286,13
1670,30,2.1,16
1671,29,2.7241379310344827,16
1672,29,3.3448275862068964,18
1673,29,4.0,19
1674,29,4.689655172413793,20
1675,28,5.607142857142857,21
1676,29,6.137931034482759,21
1677,27,7.37037037037037,21
1678,29,7.586206896551724,21
1679,29,8.310344827586206,21
1680,27,9.185185185185185,20
1681,28,9.142857142857142,19
1682,28,9.428571428571429,18
1683,28,9.678571428571429,17
1684,30,9.6,17
1685,29,10.551724137931034,18
1686,29,11.172413793103448,18
1687,28,12.25,19
1688,29,12.517241379310345,20
1689,29,13.241379310344827,21
1690,29,13.96551724137931,21
1691,29,14.689655172413794,21
1692,28,15.964285714285714,21
1693,28,16.714285714285715,21
1694,29,16.862068965517242,21
1695,29,17.586206896551722,21
1696,29,18.310344827586206,21
1697,29,19.03448275862069,21
1698,29,19.75862068965517,21
1699,29,20.482758620689655,21
1700,28,21.964285714285715,21
1701,29,21.93103448275862,21
1702,28,23.464285714285715,21
1703,28,22.892857142857142,20
1704,29,21.586206896551722,19
1705,28,21.821428571428573,18
1706,28,21.285714285714285,17
1707,28,19.892857142857142,15
1708,26,21.153846153846153,14
1709,28,19.357142857142858,13
1710,28,12.464285714285714,8
1711,27,6.518518518518518,5
1712,27,0.18518518518518517,4
1713,28,0.39285714285714285,6
1714,30,0.7333333333333333,11
1715,30,1.1666666666666667,13
1716,28,1.8214285714285714,16
1717,30,2.3,18
1718,28,3.2142857142857144,21
1719,29,3.8275862068965516,21
1720,29,4.586206896551724,22
1721,29,5.344827586206897,22
1722,30,5.9,22
1723,30,6.633333333333334,22
1724,28,7.892857142857143,22
1725,29,8.379310344827585,22
1726,28,9.464285714285714,22
1727,29,9.89655172413793,22
1728,28,11.035714285714286,22
1729,29,10.862068965517242,21
1730,29,11.068965517241379,20
1731,29,11.275862068965518,19
1732,29,11.482758620689655,18
1733,29,12.10344827586207,18
1734,30,12.3,18
1735,29,13.413793103448276,20
1736,28,14.5,19
1737,28,15.142857142857142,19
1738,28,15.785714285714286,19
1739,28,15.392857142857142,17
1740,30,14.066666666666666,17
1741,28,14.75,16
1742,28,14.428571428571429,15
1743,30,14.0,16
1744,29,15.03448275862069,16
1745,28,16.178571428571427,17
1746,30,15.733333333333333,19
1747,28,17.571428571428573,20
1748,30,17.066666666666666,20
1749,29,18.379310344827587,21
1750,29,19.103448275862068,21
1751,30,19.2,22
1752,29,20.379310344827587,21
1753,30,20.166666666666668,20
1754,30,20.2,20
1755,28,15.428571428571429,15
1756,28,9.392857142857142,11
1757,29,3.310344827586207,9
1758,29,0.8620689655172413,10
1759,29,1.3103448275862069,13
1760,27,1.8888888888888888,13
1761,29,2.2758620689655173,15
1762,29,2.8620689655172415,17
1763,30,3.3666666666666667,18
1764,29,4.137931034482759,19
1765,29,4.827586206896552,20
1766,29,5.551724137931035,21
1767,29,6.275862068965517,21
1768,28,7.25,21
1769,29,7.724137931034483,21
1770,27,9.074074074074074,21
1771,28,9.5,21
1772,28,10.25,21
1773,28,11.0,21
1774,29,11.344827586206897,21
1775,28,12.5,21
1776,29,12.793103448275861,21
1777,29,13.517241379310345,21
1778,29,14.241379310344827,21
1779,28,15.5,21
1780,29,15.689655172413794,21
1781,29,16.413793103448278,21
1782,29,17.137931034482758,21
1783,29,17.862068965517242,21
1784,29,18.586206896551722,21
1785,29,19.310344827586206,21
1786,28,20.75,21
1787,29,20.75862068965517,21
1788,29,21.482758620689655,21
1789,28,23.0,21
1790,29,22.93103448275862,21
1791,28,24.5,21
1792,29,24.379310344827587,21
1793,28,26.0,21
1794,29,25.82758620689655,21
1795,29,26.551724137931036,21
1796,29,27.275862068965516,21
1797,29,26.689655172413794,21
1798,30,23.966666666666665,20
1799,28,23.714285714285715,19
1800,28,15.178571428571429,13
1801,28,8.035714285714286,12
1802,27,0.9629629629629629,10
1803,28,1.3571428571428572,12
1804,29,1.7586206896551724,13
1805,29,2.2413793103448274,14
1806,28,2.857142857142857,15
1807,30,3.2333333333333334,17
1808,28,4.107142857142857,18
1809,29,4.655172413793103,20
1810,29,5.379310344827586,21
1811,29,5.9655172413793105,20
1812,28,6.785714285714286,20
1813,29,7.103448275862069,19
1814,28,7.928571428571429,18
1815,30,8.0,18
1816,30,8.633333333333333,19
1817,30,9.266666666666667,19
1818,28,10.642857142857142,20
1819,29,10.96551724137931,20
1820,29,11.655172413793103,20
1821,30,11.966666666666667,21
1822,29,13.137931034482758,22
1823,30,13.433333333333334,22
1824,28,15.178571428571429,22
1825,30,14.9,22
1826,30,15.633333333333333,22
1827,29,16.93103448275862,22
1828,30,17.1,22
1829,28,19.107142857142858,22
1830,30,18.566666666666666,22
1831,28,20.678571428571427,22
1832,29,20.724137931034484,22
1833,29,21.482758620689655,22
1834,28,23.035714285714285,22
1835,30,22.233333333333334,22
1836,29,23.75862068965517,22
1837,29,23.75862068965517,21
1838,29,23.75862068965517,20
1839,28,24.642857142857142,19
1840,29,23.79310344827586,18
1841,28,25.285714285714285,18
1842,30,24.2,18
1843,29,24.20689655172414,17
1844,30,22.666666666666668,16
1845,29,16.24137931034483,12
1846,29,9.10344827586207,10
1847,30,3.2,8
1848,30,0.6,8
1849,28,1.0714285714285714,12
1850,29,1.5172413793103448,14
1851,29,2.0689655172413794,16
1852,29,2.689655172413793,18
1853,28,3.4285714285714284,19
1854,29,4.0,20
1855,28,4.857142857142857,20
1856,29,5.413793103448276,21
1857,29,6.137931034482759,21
1858,29,6.862068965517241,21
1859,29,7.586206896551724,21
1860,29,8.310344827586206,21
1861,29,9.03448275862069,21
1862,29,9.758620689655173,21
1863,30,10.133333333333333,21
1864,29,11.206896551724139,21
1865,28,12.357142857142858,21
1866,30,12.233333333333333,21
1867,29,13.379310344827585,21
1868,28,14.607142857142858,21
1869,28,15.357142857142858,21
1870,28,16.107142857142858,21
1871,29,16.275862068965516,21
1872,29,17.0,21
1873,28,18.357142857142858,21
1874,29,18.448275862068964,21
1875,29,19.20689655172414,22
1876,29,19.896551724137932,21
1877,28,21.357142857142858,21
1878,29,21.344827586206897,21
1879,29,22.06896551724138,21
1880,29,22.79310344827586,21
1881,29,23.517241379310345,21
1882,29,24.24137931034483,21
1883,29,24.96551724137931,21
1884,29,25.689655172413794,21
1885,29,26.413793103448278,21
1886,29,25.82758620689655,20
1887,28,24.714285714285715,19
1888,28,22.642857142857142,17
1889,28,20.607142857142858,15
1890,28,12.214285714285714,12
1891,27,6.62962962962963,9
1892,26,0.7692307692307693,9
1893,28,1.1071428571428572,11
1894,30,1.5333333333333334,15
1895,29,2.1724137931034484,17
1896,29,2.8275862068965516,19
1897,29,3.5172413793103448,20
1898,28,4.392857142857143,21
1899,29,5.0,22
1900,29,5.758620689655173,22
1901,30,6.3,22
1902,30,7.033333333333333,22
1903,28,8.357142857142858,23
1904,29,8.793103448275861,22
1905,29,9.551724137931034,22
1906,30,9.966666666666667,22
1907,29,11.068965517241379,22
1908,28,12.25,22
1909,29,12.586206896551724,22
1910,28,13.821428571428571,22
1911,30,13.633333333333333,22
1912,29,14.862068965517242,22
1913,28,15.392857142857142,21
1914,30,14.366666666666667,20
1915,28,15.392857142857142,19
1916,30,14.4,18
1917,30,15.0,18
1918,30,15.6,18
1919,29,16.82758620689655,20
1920,29,17.482758620689655,20
1921,28,18.857142857142858,21
1922,30,18.3,21
1923,28,20.392857142857142,22
1924,29,20.24137931034483,21
1925,28,21.5,20
1926,29,21.24137931034483,19
1927,30,21.0,18
1928,30,21.6,18
1929,27,24.703703703703702,19
1930,29,23.655172413793103,19
1931,28,25.178571428571427,19
1932,29,24.862068965517242,19
1933,30,24.6,18
1934,29,24.655172413793103,18
1935,28,18.178571428571427,14
1936,28,10.857142857142858,10
1937,29,3.413793103448276,7
1938,29,0.6551724137931034,8
1939,29,1.0344827586206897,11
1940,28,1.5714285714285714,14
1941,29,2.0344827586206895,15
1942,29,2.586206896551724,16
1943,28,3.2857142857142856,17
1944,29,3.8275862068965516,19
1945,29,4.517241379310345,20
1946,28,5.428571428571429,21
1947,29,5.9655172413793105,21
1948,29,6.689655172413793,21
1949,28,7.25,20
1950,28,7.571428571428571,19
1951,28,7.928571428571429,18
1952,28,8.25,17
1953,27,8.88888888888889,16
1954,27,9.518518518518519,17
1955,26,10.538461538461538,17
1956,28,10.428571428571429,18
1957,29,10.724137931034482,19
1958,27,12.222222222222221,19
1959,29,12.03448275862069,19
1960,27,13.666666666666666,20
1961,29,13.448275862068966,21
1962,28,14.678571428571429,21
1963,29,14.89655172413793,21
1964,29,15.620689655172415,21
1965,29,16.344827586206897,21
1966,29,17.06896551724138,21
1967,30,17.2,21
1968,28,19.178571428571427,21
1969,29,19.24137931034483,21
1970,28,20.678571428571427,21
1971,29,20.689655172413794,21
1972,30,20.7,21
1973,29,22.137931034482758,21
1974,29,22.862068965517242,21
1975,28,24.428571428571427,21
1976,29,24.310344827586206,21
1977,28,25.071428571428573,20
1978,29,22.75862068965517,18
1979,29,21.275862068965516,16
1980,27,14.62962962962963,11
1981,28,6.25,8
1982,27,0.48148148148148145,8
1983,27,0.8518518518518519,10
1984,29,1.3103448275862069,15
1985,30,1.7333333333333334,15
1986,29,2.413793103448276,18
1987,29,3.103448275862069,20
1988,28,3.75,21
1989,29,4.172413793103448,20
1990,29,4.724137931034483,19
1991,30,5.066666666666666,18
1992,29,5.862068965517241,18
1993,28,6.714285714285714,18
1994,29,7.137931034482759,19
1995,29,7.793103448275862,19
1996,28,8.785714285714286,20
1997,29,8.655172413793103,20
1998,27,9.407407407407407,19
1999,28,9.142857142857142,17
2000,28,9.142857142857142,15
2001,29,9.206896551724139,14
2002,30,9.4,15
2003,30,9.933333333333334,16
2004,28,11.178571428571429,16
2005,28,11.785714285714286,17
2006,30,11.6,18
2007,30,12.233333333333333,19
2008,28,13.821428571428571,20
2009,30,13.6,21
2010,29,14.827586206896552,22
2011,29,15.586206896551724,22
2012,30,15.8,22
2013,29,17.103448275862068,22
2014,29,17.862068965517242,22
2015,28,19.285714285714285,22
2016,30,18.733333333333334,22
2017,30,19.466666666666665,22
2018,28,21.642857142857142,22
2019,29,21.655172413793103,22
2020,28,23.214285714285715,22
2021,28,24.0,22
2022,27,25.703703703703702,22
2023,28,25.571428571428573,22
2024,29,23.93103448275862,20
2025,28,17.607142857142858,15
2026,28,10.392857142857142,9
2027,29,3.103448275862069,6
2028,30,0.43333333333333335,7
2029,30,0.7666666666666667,10
2030,29,1.2758620689655173,14
2031,30,1.8333333333333333,18
2032,29,2.5517241379310347,19
2033,28,3.25,18
2034,29,3.8275862068965516,20
2035,29,4.517241379310345,20
2036,28,5.428571428571429,21
2037,28,6.178571428571429,21
2038,29,6.689655172413793,21
2039,28,7.678571428571429,21
2040,30,7.866666666666666,21
2041,28,9.178571428571429,21
2042,29,9.586206896551724,21
2043,29,10.310344827586206,21
2044,29,11.03448275862069,21
2045,28,12.178571428571429,21
2046,29,12.482758620689655,21
2047,28,13.678571428571429,21
2048,29,13.931034482758621,21
2049,29,14.655172413793103,21
2050,28,15.928571428571429,21
2051,29,16.103448275862068,21
2052,29,16.82758620689655,21
2053,28,18.178571428571427,21
2054,28,18.928571428571427,21
2055,28,19.678571428571427,21
2056,29,19.724137931034484,21
2057,29,20.448275862068964,21
2058,28,21.928571428571427,21
2059,29,21.896551724137932,21
2060,29,22.620689655172413,21
2061,29,23.344827586206897,21
2062,29,24.06896551724138,21
2063,28,25.678571428571427,21
2064,28,25.142857142857142,20
2065,29,23.75862068965517,20
2066,27,24.85185185185185,18
2067,28,23.392857142857142,17
2068,28,21.392857142857142,16
2069,27,21.296296296296298,15
2070,27,13.88888888888889,12
2071,27,6.518518518518518,9
2072,27,0.5925925925925926,7
2073,28,0.8928571428571429,9
2074,30,1.2333333333333334,12
2075,29,1.7586206896551724,14
2076,30,2.2333333333333334,16
2077,30,2.8333333333333335,18
2078,29,3.586206896551724,19
2079,29,4.310344827586207,21
2080,30,4.866666666666666,21
2081,29,5.793103448275862,22
2082,30,6.333333333333333,22
2083,28,7.571428571428571,22
2084,30,7.8,22
2085,30,8.533333333333333,22
2086,29,9.586206896551724,22
2087,30,10.0,22
2088,29,11.10344827586207,22
2089,28,12.285714285714286,22
2090,29,12.620689655172415,22
2091,28,13.857142857142858,22
2092,29,14.137931034482758,22
2093,29,14.89655172413793,22
2094,28,16.214285714285715,22
2095,29,16.413793103448278,22
2096,30,16.6,22
2097,28,18.571428571428573,22
2098,30,18.066666666666666,22
2099,29,19.448275862068964,22
2100,29,20.20689655172414,22
2101,30,20.266666666666666,22
2102,29,21.724137931034484,22
2103,28,22.25,21
2104,28,21.964285714285715,20
2105,29,20.93103448275862,19
2106,29,20.620689655172413,18
2107,30,20.533333333333335,18
2108,30,21.133333333333333,18
2109,29,22.517241379310345,19
2110,30,22.433333333333334,20
2111,28,24.785714285714285,21
2112,30,22.6,20
2113,29,22.82758620689655,20
2114,29,22.06896551724138,18
2115,29,14.96551724137931,14
2116,28,9.464285714285714,11
2117,30,3.2666666666666666,10
2118,29,0.8620689655172413,11
2119,29,1.3103448275862069,13
2120,29,1.896551724137931,17
2121,30,2.4,17
2122,29,3.1379310344827585,19
2123,27,4.074074074074074,19
2124,29,4.482758620689655,20
2125,28,5.357142857142857,20
2126,29,5.896551724137931,21
2127,29,6.620689655172414,21
2128,29,7.344827586206897,21
2129,29,8.068965517241379,21
2130,29,8.793103448275861,21
2131,29,9.517241379310345,21
2132,28,10.607142857142858,21
2133,29,10.96551724137931,21
2134,29,11.724137931034482,22
2135,29,12.413793103448276,21
2136,27,14.11111111111111,21
2137,28,14.357142857142858,21
2138,28,15.107142857142858,21
2139,29,15.310344827586206,21
2140,28,16.607142857142858,21
2141,29,16.75862068965517,21
2142,30,16.9,21
2143,29,18.20689655172414,21
2144,29,18.93103448275862,21
2145,30,19.0,21
2146,29,20.379310344827587,21
2147,28,21.857142857142858,21
2148,30,20.033333333333335,20
2149,29,20.379310344827587,19
2150,28,20.75,18
2151,27,19.85185185185185,16
2152,28,17.571428571428573,15
2153,26,18.192307692307693,14
2154,28,16.214285714285715,13
2155,28,16.714285714285715,14
2156,30,16.1,15
2157,29,17.0,15
2158,29,17.413793103448278,15
2159,28,18.464285714285715,15
2160,27,12.88888888888889,11
2161,27,6.62962962962963,8
2162,27,0.5555555555555556,8
2163,28,0.8928571428571429,10
2164,29,1.2758620689655173,12
2165,29,1.7241379310344827,13
2166,27,2.4074074074074074,15
2167,30,2.7666666666666666,18
2168,28,3.642857142857143,19
2169,30,4.066666666666666,20
2170,29,4.931034482758621,21
2171,30,5.466666666666667,21
2172,30,6.2,22
2173,28,7.428571428571429,22
2174,29,7.931034482758621,22
2175,29,8.689655172413794,22
2176,28,9.785714285714286,22
2177,29,10.206896551724139,22
2178,28,11.357142857142858,22
2179,28,11.5,21
2180,30,10.9,20
2181,29,11.448275862068966,19
2182,28,12.035714285714286,18
2183,30,11.833333333333334,18
2184,28,13.357142857142858,19
2185,29,13.482758620689655,18
2186,29,14.137931034482758,19
2187,29,14.758620689655173,19
2188,29,15.344827586206897,18
2189,28,16.535714285714285,18
2190,27,17.85185185185185,19
2191,29,17.20689655172414,18
2192,27,19.14814814814815,18
2193,29,18.448275862068964,18
2194,28,19.75,18
2195,30,19.033333333333335,18
2196,29,20.344827586206897,19
2197,29,21.0,19
2198,29,21.655172413793103,19
2199,29,22.344827586206897,20
2200,29,23.06896551724138,21
2201,30,23.033333333333335,22
2202,30,23.766666666666666,22
2203,29,25.06896551724138,21
2204,29,24.310344827586206,20
2205,28,17.857142857142858,14
2206,28,10.535714285714286,11
2207,30,3.1666666666666665,8
2208,29,0.7241379310344828,9
2209,29,1.1724137931034482,13
2210,28,1.7142857142857142,14
2211,29,2.206896551724138,16
2212,29,2.7586206896551726,16
2213,30,3.2666666666666666,18
2214,29,4.068965517241379,20
2215,29,4.793103448275862,21
2216,29,5.517241379310345,21
2217,29,6.241379310344827,21
2218,28,7.214285714285714,21
2219,28,7.964285714285714,21
2220,29,8.413793103448276,21
2221,27,9.814814814814815,21
2222,28,10.214285714285714,21
2223,27,11.37037037037037,21
2224,29,11.310344827586206,21
2225,28,12.464285714285714,21
2226,28,13.214285714285714,21
2227,29,13.482758620689655,21
2228,29,14.206896551724139,21
2229,29,14.931034482758621,21
2230,29,15.655172413793103,21
2231,29,16.379310344827587,21
2232,29,17.103448275862068,21
2233,29,17.82758620689655,21
2234,29,18.551724137931036,21
2235,30,17.7,20
2236,29,18.103448275862068,19
2237,29,17.896551724137932,18
2238,29,17.655172413793103,17
2239,29,18.24137931034483,17
2240,29,18.82758620689655,17
2241,29,19.448275862068964,18
2242,30,19.433333333333334,19
2243,30,20.066666666666666,19
2244,29,21.448275862068964,20
2245,29,22.20689655172414,22
2246,29,22.896551724137932,21
2247,28,24.214285714285715,20
2248,28,24.678571428571427,19
2249,27,26.11111111111111,19
2250,29,17.103448275862068,14
2251,28,10.357142857142858,9
2252,27,3.2222222222222223,7
2253,28,2.0357142857142856,9
2254,31,0.9032258064516129,10
2255,29,1.4137931034482758,13
2256,29,1.9655172413793103,16
2257,30,2.5,18
2258,28,3.392857142857143,20
2259,29,4.0344827586206895,22
2260,29,4.793103448275862,22
2261,30,5.366666666666666,22
2262,29,6.310344827586207,22
2263,30,6.833333333333333,22
2264,29,7.827586206896552,22
2265,29,8.586206896551724,22
2266,30,9.033333333333333,22
2267,29,10.10344827586207,22
2268,29,10.862068965517242,22
2269,29,11.620689655172415,22
2270,28,12.821428571428571,22
2271,29,13.137931034482758,22
2272,29,13.89655172413793,22
2273,29,14.655172413793103,22
2274,30,14.9,22
2275,28,16.75,22
2276,30,16.366666666666667,22
2277,29,17.689655172413794,22
2278,28,19.107142857142858,22
2279,29,19.20689655172414,22
2280,28,20.678571428571427,22
2281,28,20.464285714285715,21
2282,29,19.517241379310345,20
2283,28,19.964285714285715,19
2284,30,18.4,18
2285,29,19.689655172413794,19
2286,29,20.344827586206897,19
2287,29,21.0,19
2288,29,21.689655172413794,20
2289,29,22.413793103448278,21
2290,29,23.137931034482758,21
2291,29,23.896551724137932,22
2292,30,23.566666666666666,21
2293,29,24.896551724137932,20
2294,28,26.321428571428573,20
2295,30,17.733333333333334,15
2296,29,11.482758620689655,12
2297,29,4.586206896551724,8
2298,29,0.6551724137931034,7
2299,29,1.0,10
2300,29,1.4827586206896552,14
2301,30,1.9666666666666666,16
2302,30,2.6,19
2303,29,3.310344827586207,19
2304,28,4.071428571428571,19
2305,29,4.655172413793103,21
2306,29,5.379310344827586,21
2307,29,6.103448275862069,21
2308,29,6.827586206896552,21
2309,28,7.821428571428571,21
2310,29,8.275862068965518,21
2311,29,9.0,21
2312,29,9.724137931034482,21
2313,29,10.448275862068966,21
2314,28,11.571428571428571,21
2315,29,11.89655172413793,21
2316,29,12.620689655172415,21
2317,29,13.344827586206897,21
2318,29,14.068965517241379,21
2319,28,15.321428571428571,21
2320,28,16.071428571428573,21
2321,29,16.24137931034483,21
2322,28,17.571428571428573,21
2323,28,18.321428571428573,21
2324,27,19.77777777777778,21
2325,29,19.137931034482758,21
2326,29,19.862068965517242,21
2327,28,21.321428571428573,21
2328,29,21.310344827586206,21
2329,28,22.821428571428573,21
2330,29,22.75862068965517,21
2331,28,24.321428571428573,21
2332,28,25.071428571428573,21
2333,29,24.93103448275862,21
2334,30,24.8,21
2335,28,27.321428571428573,21
2336,28,26.714285714285715,20
2337,28,24.678571428571427,18
2338,28,22.571428571428573,16
2339,27,21.296296296296298,17
2340,28,12.214285714285714,12
2341,27,6.62962962962963,9
2342,26,0.7307692307692307,7
2343,27,1.1111111111111112,11
2344,30,1.4666666666666666,14
2345,29,2.0,14
2346,29,2.5517241379310347,16
2347,30,3.1,19
2348,28,3.9642857142857144,19
2349,30,4.366666666666666,20
2350,28,5.392857142857143,20
2351,29,5.931034482758621,21
2352,29,6.689655172413793,22
2353,28,7.714285714285714,22
2354,30,7.933333333333334,22
2355,28,9.285714285714286,22
2356,30,9.4,22
2357,30,10.133333333333333,22
2358,29,11.241379310344827,22
2359,30,11.6,22
2360,28,13.214285714285714,22
2361,29,13.517241379310345,22
2362,29,14.275862068965518,22
2363,28,15.571428571428571,22
2364,30,15.266666666666667,22
2365,29,16.551724137931036,22
2366,30,16.733333333333334,22
2367,30,17.466666666666665,22
2368,29,18.82758620689655,22
2369,29,19.586206896551722,22
2370,29,20.344827586206897,22
2371,28,21.857142857142858,22
2372,30,21.133333333333333,22
2373,28,23.428571428571427,22
2374,30,22.6,22
2375,30,23.333333333333332,22
2376,29,24.896551724137932,22
2377,30,24.8,22
2378,29,26.413793103448278,22
2379,30,26.266666666666666,22
2380,30,27.0,22
2381,29,28.689655172413794,22
2382,30,27.266666666666666,21
2383,29,27.724137931034484,20
2384,30,24.933333333333334,18
2385,29,17.517241379310345,15
2386,28,10.857142857142858,11
2387,30,3.3666666666666667,9
2388,29,0.8620689655172413,11
2389,29,1.2413793103448276,12
2390,29,1.7241379310344827,14
2391,29,2.310344827586207,17
2392,29,2.896551724137931,17
2393,29,3.586206896551724,20
2394,29,4.206896551724138,19
2395,29,4.896551724137931,20
2396,29,5.586206896551724,20
2397,29,6.310344827586207,21
2398,29,7.0344827586206895,21
2399,28,8.035714285714286,21
2400,29,8.482758620689655,21
2401,28,9.535714285714286,21
2402,29,9.931034482758621,21
2403,29,10.655172413793103,21
2404,28,11.785714285714286,21
2405,28,12.535714285714286,21
2406,28,13.285714285714286,21
2407,28,14.035714285714286,21
2408,29,14.275862068965518,21
2409,29,15.0,21
2410,29,15.724137931034482,21
2411,29,16.448275862068964,21
2412,30,16.6,21
2413,29,17.896551724137932,21
2414,28,19.285714285714285,21
2415,30,18.7,21
2416,29,20.06896551724138,21
2417,29,20.79310344827586,21
2418,29,21.517241379310345,21
2419,29,22.24137931034483,21
2420,29,22.96551724137931,21
2421,29,23.689655172413794,21
2422,29,24.413793103448278,21
2423,29,25.137931034482758,21
2424,30,25.0,21
2425,29,26.586206896551722,21
2426,29,27.310344827586206,21
2427,28,27.642857142857142,20
2428,29,24.655172413793103,19
2429,27,24.40740740740741,19
2430,28,15.035714285714286,14
2431,28,6.571428571428571,9
2432,27,0.7777777777777778,8
2433,28,1.0714285714285714,9
2434,30,1.4666666666666666,14
2435,29,2.1379310344827585,18
2436,29,2.7241379310344827,18
2437,29,3.3793103448275863,19
2438,29,4.103448275862069,21
2439,29,4.827586206896552,21
2440,29,5.620689655172414,23
2441,28,6.285714285714286,21
2442,29,6.517241379310345,20
2443,28,7.214285714285714,19
2444,29,7.379310344827586,18
2445,29,8.0,18
2446,30,8.333333333333334,18
2447,30,8.966666666666667,19
2448,29,9.96551724137931,20
2449,30,10.333333333333334,21
2450,29,11.448275862068966,22
2451,28,12.642857142857142,22
2452,30,12.533333333333333,22
2453,28,14.214285714285714,22
2454,30,14.0,22
2455,29,15.241379310344827,22
2456,30,15.466666666666667,22
2457,29,16.75862068965517,22
2458,30,16.933333333333334,22
2459,30,17.666666666666668,22
2460,28,19.714285714285715,22
2461,30,19.133333333333333,22
2462,29,20.551724137931036,22
2463,29,21.310344827586206,22
2464,29,22.06896551724138,22
2465,28,23.642857142857142,22
2466,29,23.586206896551722,22
2467,28,25.214285714285715,22
2468,28,24.75,21
2469,29,23.448275862068964,20
2470,29,23.0,19
2471,28,23.357142857142858,18
2472,28,23.107142857142858,18
2473,29,22.03448275862069,17
2474,28,22.428571428571427,16
2475,30,14.3,11
2476,29,9.0,9
2477,30,3.1333333333333333,7
2478,29,0.5172413793103449,7
2479,28,0.9642857142857143,12
2480,28,1.5,15
2481,29,2.0,16
2482,29,2.6206896551724137,18
2483,29,3.2758620689655173,19
2484,29,3.9655172413793105,20
2485,29,4.689655172413793,21
2486,29,5.413793103448276,21
2487,28,6.357142857142857,21
2488,28,7.107142857142857,21
2489,29,7.586206896551724,21
2490,29,8.310344827586206,21
2491,29,9.03448275862069,21
2492,28,10.107142857142858,21
2493,29,10.482758620689655,21
2494,29,11.206896551724139,21
2495,29,11.931034482758621,21
2496,29,12.689655172413794,22
2497,27,14.37037037037037,21
2498,28,14.607142857142858,21
2499,29,14.827586206896552,21
2500,28,16.107142857142858,21
2501,28,16.857142857142858,21
2502,29,17.0,21
2503,29,17.724137931034484,21
2504,30,17.833333333333332,21
2505,29,19.17241379310345,21
2506,29,19.896551724137932,21
2507,28,21.357142857142858,21
2508,29,21.344827586206897,21
2509,28,22.857142857142858,21
2510,28,23.607142857142858,21
2511,27,25.25925925925926,21
2512,28,25.107142857142858,21
2513,29,24.96551724137931,21
2514,29,25.689655172413794,21
2515,29,26.413793103448278,21
2516,30,26.233333333333334,21
2517,28,28.857142857142858,21
2518,29,25.79310344827586,20
2519,29,23.75862068965517,18
2520,28,16.142857142857142,14
2521,28,7.714285714285714,9
2522,28,0.5714285714285714,7
2523,28,0.9642857142857143,11
2524,29,1.4137931034482758,14
2525,30,1.9333333333333333,17
2526,30,2.533333333333333,18
2527,30,3.2,20
2528,28,4.178571428571429,21
2529,30,4.633333333333334,22
2530,29,5.551724137931035,22
2531,30,6.1,22
2532,28,7.321428571428571,22
2533,30,7.566666666666666,22
2534,29,8.620689655172415,23
2535,29,9.344827586206897,22
2536,29,10.10344827586207,22
2537,28,11.25,22
2538,29,11.620689655172415,22
2539,30,11.966666666666667,22
2540,29,13.137931034482758,22
2541,29,13.89655172413793,22
2542,29,14.655172413793103,22
2543,28,15.964285714285714,22
2544,30,15.633333333333333,22
2545,29,16.93103448275862,22
2546,29,17.689655172413794,22
2547,30,17.833333333333332,22
2548,28,18.928571428571427,21
2549,28,18.785714285714285,20
2550,29,18.0,19
2551,30,17.266666666666666,18
2552,30,17.866666666666667,18
2553,28,19.785714285714285,18
2554,30,19.1,19
2555,29,20.413793103448278,19
2556,28,21.857142857142858,20
2557,30,21.1,21
2558,28,23.357142857142858,21
2559,30,22.533333333333335,22
2560,30,23.266666666666666,22
2561,30,24.0,22
2562,30,23.433333333333334,21
2563,28,24.464285714285715,20
2564,30,21.9,19
2565,28,15.964285714285714,14
2566,28,9.75,10
2567,30,3.3333333333333335,9
2568,29,0.7931034482758621,10
2569,29,1.2413793103448276,13
2570,27,1.8518518518518519,14
2571,28,2.392857142857143,17
2572,29,2.896551724137931,17
2573,29,3.5172413793103448,18
2574,29,4.206896551724138,20
2575,28,5.107142857142857,21
2576,29,5.655172413793103,21
2577,29,6.379310344827586,21
2578,29,7.103448275862069,21
2579,28,8.107142857142858,21
2580,29,8.551724137931034,21
2581,29,9.275862068965518,21
2582,29,10.0,21
2583,29,10.724137931034482,21
2584,29,11.448275862068966,21
2585,29,12.172413793103448,21
2586,29,12.89655172413793,21
2587,29,13.620689655172415,21
2588,28,14.857142857142858,21
2589,28,15.607142857142858,21
2590,28,16.357142857142858,21
2591,29,16.517241379310345,21
2592,29,17.24137931034483,21
2593,29,17.96551724137931,21
2594,28,19.357142857142858,21
2595,29,19.413793103448278,21
2596,30,19.466666666666665,21
2597,29,20.862068965517242,21
2598,29,21.586206896551722,21
2599,27,23.962962962962962,21
2600,28,22.714285714285715,20
2601,28,22.321428571428573,19
2602,28,21.857142857142858,18
2603,28,21.428571428571427,17
2604,28,21.0,17
2605,27,22.444444444444443,18
2606,28,22.285714285714285,18
2607,28,21.392857142857142,16
2608,29,19.79310344827586,15
2609,29,19.0,14
2610,29,11.96551724137931,10
2611,28,6.428571428571429,8
2612,27,0.48148148148148145,6
2613,27,0.7777777777777778,8
2614,30,1.1,12
2615,30,1.6,15
2616,28,2.3214285714285716,17
2617,29,2.8620689655172415,18
2618,29,3.5172413793103448,19
2619,30,4.066666666666666,20
2620,29,4.931034482758621,21
2621,29,5.655172413793103,21
2622,29,6.379310344827586,21
2623,29,7.137931034482759,22
2624,29,7.896551724137931,22
2625,30,8.366666666666667,22
2626,30,9.1,22
2627,28,10.535714285714286,22
2628,30,10.566666666666666,22
2629,29,11.689655172413794,22
2630,29,12.448275862068966,22
2631,30,12.766666666666667,22
2632,29,13.96551724137931,22
2633,28,15.25,22
2634,28,16.035714285714285,22
2635,29,16.24137931034483,22
2636,28,17.607142857142858,22
2637,30,17.166666666666668,22
2638,29,18.517241379310345,22
2639,28,19.964285714285715,22
2640,30,19.366666666666667,22
2641,29,20.79310344827586,22
2642,29,21.551724137931036,22
2643,29,22.310344827586206,22
2644,30,22.3,22
2645,30,23.033333333333335,22
2646,29,24.586206896551722,22
2647,30,24.5,22
2648,28,27.035714285714285,22
2649,29,26.862068965517242,22
2650,30,26.7,22
2651,29,28.379310344827587,22
2652,30,25.566666666666666,20
2653,29,24.551724137931036,18
2654,29,22.620689655172413,16
2655,30,14.066666666666666,12
2656,28,9.214285714285714,9
2657,29,3.2758620689655173,9
2658,28,0.75,10
2659,28,1.25,14
2660,29,1.7586206896551724,16
2661,30,2.3,18
2662,28,3.142857142857143,19
2663,29,3.7241379310344827,20
2664,29,4.448275862068965,21
2665,29,5.172413793103448,21
2666,29,5.896551724137931,21
2667,29,6.620689655172414,21
2668,29,7.344827586206897,21
2669,29,8.068965517241379,21
2670,29,8.793103448275861,21
2671,30,9.2,21
2672,28,10.607142857142858,21
2673,28,10.75,20
2674,28,10.892857142857142,19
2675,27,11.444444444444445,18
2676,29,10.793103448275861,17
2677,29,10.931034482758621,17
2678,27,12.37037037037037,17
2679,28,12.535714285714286,17
2680,28,13.178571428571429,18
2681,28,13.821428571428571,18
2682,29,14.0,19
2683,29,14.655172413793103,19
2684,29,15.344827586206897,20
2685,29,16.06896551724138,21
2686,29,16.79310344827586,21
2687,29,17.517241379310345,21
2688,29,18.24137931034483,21
2689,29,18.96551724137931,21
2690,30,19.033333333333335,21
2691,29,20.413793103448278,21
2692,28,21.892857142857142,21
2693,28,22.642857142857142,21
2694,29,22.586206896551722,21
2695,28,24.142857142857142,21
2696,29,24.03448275862069,21
2697,28,24.178571428571427,20
2698,29,21.93103448275862,19
2699,28,21.321428571428573,18
2700,28,13.5,12
2701,28,7.035714285714286,9
2702,28,0.6428571428571429,9
2703,28,1.1071428571428572,13
2704,29,1.5517241379310345,14
2705,30,2.033333333333333,16
2706,28,2.8214285714285716,18
2707,29,3.413793103448276,20
2708,29,4.172413793103448,22
2709,30,4.766666666666667,22
2710,28,5.892857142857143,22
2711,30,6.233333333333333,22
2712,30,6.966666666666667,22
2713,29,7.9655172413793105,22
2714,30,8.433333333333334,22
2715,30,9.166666666666666,22
2716,29,10.241379310344827,22
2717,29,10.448275862068966,21
2718,28,11.071428571428571,20
2719,29,10.89655172413793,19
2720,28,11.5,18
2721,29,11.724137931034482,18
2722,30,11.933333333333334,18
2723,29,13.0,19
2724,30,13.233333333333333,20
2725,28,14.928571428571429,21
2726,29,15.137931034482758,21
2727,30,15.366666666666667,22
2728,29,16.655172413793103,22
2729,29,16.448275862068964,21
2730,28,16.892857142857142,20
2731,28,16.714285714285715,19
2732,29,15.931034482758621,18
2733,28,17.142857142857142,18
2734,28,17.785714285714285,18
2735,29,17.82758620689655,19
2736,29,18.482758620689655,19
2737,29,19.17241379310345,20
2738,30,19.2,20
2739,28,21.321428571428573,21
2740,29,21.310344827586206,21
2741,28,22.857142857142858,22
2742,29,22.137931034482758,21
2743,30,21.433333333333334,20
2744,28,22.964285714285715,19
2745,29,15.551724137931034,14
2746,28,9.892857142857142,12
2747,30,3.466666666666667,9
2748,29,0.6551724137931034,8
2749,29,1.0689655172413792,12
2750,28,1.6428571428571428,15
2751,29,2.103448275862069,15
2752,28,2.7857142857142856,17
2753,29,3.310344827586207,18
2754,29,4.0,20
2755,28,4.892857142857143,21
2756,29,5.448275862068965,21
2757,28,6.392857142857143,21
2758,29,6.896551724137931,21
2759,29,7.620689655172414,21
2760,27,8.962962962962964,21
2761,29,9.068965517241379,21
2762,29,9.793103448275861,21
2763,29,10.517241379310345,21
2764,29,11.241379310344827,21
2765,29,11.96551724137931,21
2766,29,12.689655172413794,21
2767,29,13.413793103448276,21
2768,29,14.137931034482758,21
2769,29,14.862068965517242,21
2770,29,15.586206896551724,21
2771,28,16.892857142857142,21
2772,27,18.296296296296298,21
2773,28,17.464285714285715,20
2774,28,17.285714285714285,19
2775,27,17.77777777777778,18
2776,29,16.379310344827587,17
2777,30,16.433333333333334,18
2778,28,18.285714285714285,19
2779,29,18.310344827586206,19
2780,28,19.678571428571427,20
2781,29,19.724137931034484,21
2782,28,21.178571428571427,21
2783,29,21.17241379310345,21
2784,28,22.678571428571427,21
2785,29,22.620689655172413,21
2786,29,23.344827586206897,21
2787,29,22.275862068965516,19
2788,29,21.17241379310345,17
2789,29,20.103448275862068,15
2790,28,13.428571428571429,12
2791,28,6.285714285714286,8
2792,26,0.5769230769230769,8
2793,27,0.9629629629629629,11
2794,29,1.3793103448275863,14
2795,30,1.8666666666666667,16
2796,29,2.5517241379310347,18
2797,30,3.1,19
2798,28,4.071428571428571,21
2799,30,4.533333333333333,22
2800,28,5.642857142857143,22
2801,28,6.428571428571429,22
2802,29,6.9655172413793105,22
2803,28,8.0,22
2804,30,8.2,22
2805,28,9.571428571428571,22
2806,30,9.666666666666666,22
2807,30,10.4,22
2808,29,11.517241379310345,22
2809,30,11.866666666666667,22
2810,28,13.5,22
2811,30,13.333333333333334,22
2812,30,14.066666666666666,22
2813,28,15.857142857142858,22
2814,29,16.06896551724138,22
2815,28,17.428571428571427,22
2816,28,18.214285714285715,22
2817,29,18.344827586206897,22
2818,28,18.821428571428573,21
2819,29,18.06896551724138,20
2820,29,17.93103448275862,19
2821,28,18.392857142857142,18
2822,30,17.766666666666666,18
2823,31,17.774193548387096,18
2824,28,20.357142857142858,19
2825,30,19.666666666666668,20
2826,28,21.821428571428573,21
2827,29,21.79310344827586,21
2828,29,22.551724137931036,22
2829,28,24.142857142857142,22
2830,30,23.266666666666666,22
2831,29,24.82758620689655,22
2832,29,25.275862068965516,21
2833,30,23.5,20
2834,28,24.178571428571427,18
2835,28,16.714285714285715,14
2836,28,9.535714285714286,11
2837,29,3.689655172413793,13
2838,29,1.1724137931034482,13
2839,28,1.75,15
2840,29,2.206896551724138,15
2841,30,2.7333333333333334,18
2842,29,3.413793103448276,18
2843,28,4.214285714285714,19
2844,29,4.758620689655173,20
2845,28,5.678571428571429,21
2846,29,6.206896551724138,21
2847,29,6.931034482758621,21
2848,29,7.655172413793103,21
2849,29,8.413793103448276,22
2850,28,9.428571428571429,21
2851,28,10.178571428571429,21
2852,29,10.551724137931034,21
2853,27,12.11111111111111,21
2854,27,12.222222222222221,20
2855,29,11.551724137931034,19
2856,28,12.107142857142858,18
2857,28,12.25,17
2858,29,12.413793103448276,17
2859,27,14.0,18
2860,29,13.655172413793103,18
2861,29,14.310344827586206,19
2862,28,15.535714285714286,20
2863,29,15.689655172413794,20
2864,28,16.964285714285715,20
2865,28,17.714285714285715,21
2866,29,17.82758620689655,21
2867,28,19.214285714285715,21
2868,28,19.964285714285715,21
2869,28,20.714285714285715,21
2870,28,21.464285714285715,21
2871,28,22.214285714285715,21
2872,29,22.17241379310345,21
2873,29,22.896551724137932,21
2874,29,23.620689655172413,21
2875,29,24.344827586206897,21
2876,29,25.06896551724138,21
2877,28,26.714285714285715,21
2878,29,25.82758620689655,20
2879,28,26.785714285714285,19
2880,29,18.0,13
2881,27,10.851851851851851,8
2882,28,2.9285714285714284,5
2883,29,1.7241379310344827,8
2884,29,0.7241379310344828,10
2885,30,1.2333333333333334,16
2886,30,1.8333333333333333,18
2887,30,2.5,20
2888,29,3.3448275862068964,22
2889,30,3.966666666666667,22
2890,29,4.862068965517241,22
2891,28,5.821428571428571,22
2892,29,6.379310344827586,22
2893,28,7.392857142857143,22
2894,30,7.633333333333334,22
2895,30,8.366666666666667,22
2896,29,9.413793103448276,22
2897,29,10.172413793103448,22
2898,28,11.321428571428571,22
2899,30,11.3,22
2900,30,12.033333333333333,22
2901,29,13.206896551724139,22
2902,29,13.96551724137931,22
2903,29,14.758620689655173,23
2904,28,16.035714285714285,22
2905,29,16.24137931034483,22
2906,28,17.607142857142858,22
2907,29,17.75862068965517,22
2908,28,19.178571428571427,22
2909,28,19.964285714285715,22
2910,30,19.366666666666667,22
2911,30,20.1,22
2912,29,21.551724137931036,22
2913,29,21.24137931034483,21
2914,28,21.678571428571427,20
2915,29,20.586206896551722,19
2916,30,19.566666666666666,18
2917,28,20.392857142857142,18
2918,30,18.533333333333335,18
2919,29,18.655172413793103,17
2920,28,18.785714285714285,17
2921,30,18.1,17
2922,29,19.310344827586206,17
2923,30,19.266666666666666,18
2924,29,20.551724137931036,18
2925,29,14.827586206896552,14
2926,28,9.5,13
2927,30,3.3333333333333335,9
2928,30,0.7333333333333333,10
2929,29,1.206896551724138,13
2930,29,1.7241379310344827,15
2931,29,2.310344827586207,17
2932,29,3.0,20
2933,29,3.6206896551724137,19
2934,29,4.310344827586207,20
2935,28,5.214285714285714,21
2936,29,5.758620689655173,21
2937,29,6.482758620689655,21
2938,29,7.206896551724138,21
2939,29,7.931034482758621,21
2940,29,8.655172413793103,21
2941,29,9.379310344827585,21
2942,29,10.10344827586207,21
2943,29,10.827586206896552,21
2944,30,11.166666666666666,21
2945,29,12.275862068965518,21
2946,29,13.0,21
2947,29,13.724137931034482,21
2948,29,14.448275862068966,21
2949,29,15.172413793103448,21
2950,29,15.89655172413793,21
2951,29,16.655172413793103,22
2952,28,17.964285714285715,21
2953,27,19.40740740740741,21
2954,28,19.464285714285715,21
2955,28,19.214285714285715,20
2956,29,18.275862068965516,19
2957,28,18.642857142857142,18
2958,29,17.75862068965517,17
2959,29,17.482758620689655,16
2960,27,19.37037037037037,16
2961,28,19.321428571428573,18
2962,28,19.964285714285715,18
2963,28,20.607142857142858,18
2964,29,20.586206896551722,20
2965,28,22.035714285714285,20
2966,28,22.571428571428573,20
2967,28,23.035714285714285,19
2968,28,22.035714285714285,17
2969,28,21.035714285714285,16
2970,29,13.137931034482758,10
2971,26,6.769230769230769,6
2972,27,0.3333333333333333,5
2973,29,0.5862068965517241,8
2974,30,0.9666666666666667,12
2975,29,1.5517241379310345,16
2976,29,2.0689655172413794,16
2977,30,2.6666666666666665,20
2978,28,3.5714285714285716,20
2979,30,4.066666666666666,22
2980,29,4.9655172413793105,22
2981,29,5.724137931034483,22
2982,30,6.266666666666667,22
2983,28,7.5,22
2984,29,8.0,22
2985,29,8.758620689655173,22
2986,29,9.517241379310345,22
2987,29,9.793103448275861,21
2988,29,10.03448275862069,20
2989,29,10.275862068965518,19
2990,28,10.892857142857142,18
2991,29,11.137931034482758,18
2992,28,12.178571428571429,18
2993,28,12.821428571428571,18
2994,27,13.962962962962964,18
2995,28,14.107142857142858,18
2996,29,14.241379310344827,18
2997,29,14.862068965517242,18
2998,28,16.071428571428573,19
2999,30,15.633333333333333,19
3000,29,15.89655172413793,19
3001,29,15.620689655172415,18
3002,29,15.413793103448276,19
3003,28,15.75,18
3004,30,15.3,18
3005,30,15.933333333333334,19
3006,29,17.17241379310345,20
3007,28,18.428571428571427,19
3008,29,18.448275862068964,19
3009,29,18.724137931034484,19
3010,28,19.714285714285715,19
3011,29,19.344827586206897,18
3012,29,19.344827586206897,17
3013,30,19.1,16
3014,29,20.17241379310345,16
3015,29,14.551724137931034,14
3016,28,9.321428571428571,10
3017,29,3.5172413793103448,10
3018,28,0.9642857142857143,10
3019,28,1.4285714285714286,13
3020,28,1.9285714285714286,14
3021,30,2.3666666666666667,17
3022,29,3.0689655172413794,18
3023,29,3.7241379310344827,19
3024,29,4.413793103448276,20
3025,29,5.137931034482759,21
3026,30,5.666666666666667,21
3027,29,6.586206896551724,21
3028,27,7.407407407407407,20
3029,29,7.206896551724138,19
3030,28,7.785714285714286,18
3031,28,8.107142857142858,17
3032,30,8.133333333333333,17
3033,29,9.0,17
3034,28,9.928571428571429,17
3035,29,10.172413793103448,17
3036,28,11.142857142857142,17
3037,30,10.966666666666667,17
3038,30,11.533333333333333,17
3039,28,13.0,18
3040,29,13.172413793103448,18
3041,28,14.321428571428571,19
3042,28,15.035714285714286,20
3043,29,15.206896551724139,20
3044,29,15.89655172413793,20
3045,29,16.620689655172413,21
3046,28,17.964285714285715,21
3047,28,18.714285714285715,21
3048,29,18.79310344827586,21
3049,29,19.517241379310345,21
3050,30,19.566666666666666,21
3051,29,20.96551724137931,21
3052,29,21.689655172413794,21
3053,30,21.666666666666668,21
3054,29,23.137931034482758,21
3055,29,23.862068965517242,21
3056,29,24.586206896551722,21
3057,29,24.655172413793103,20
3058,29,23.379310344827587,19
3059,30,21.4,19
3060,29,14.620689655172415,14
3061,28,7.857142857142857,9
3062,29,0.6896551724137931,9
3063,28,1.1785714285714286,13
3064,30,1.6,15
3065,31,2.064516129032258,16
3066,31,2.6774193548387095,19
3067,30,3.466666666666667,21
3068,30,4.2,22
3069,31,4.806451612903226,23
3070,30,5.733333333333333,23
3071,31,6.290322580645161,23
3072,29,7.517241379310345,23
3073,31,7.774193548387097,23
3074,29,9.10344827586207,23
3075,30,9.566666666666666,23
3076,30,10.333333333333334,23
3077,30,11.1,23
3078,30,11.866666666666667,23
3079,30,12.633333333333333,23
3080,30,13.4,23
3081,31,13.709677419354838,23
3082,30,14.933333333333334,23
3083,30,15.7,23
3084,29,17.03448275862069,23
3085,30,17.233333333333334,23
3086,29,18.620689655172413,23
3087,31,18.161290322580644,23
3088,30,19.533333333333335,23
3089,31,19.64516129032258,23
3090,30,21.066666666666666,23
3091,30,21.833333333333332,23
3092,31,21.870967741935484,23
3093,31,22.612903225806452,23
3094,29,23.82758620689655,22
3095,30,22.7,21
3096,29,23.137931034482758,20
3097,30,22.066666666666666,19
3098,29,23.482758620689655,19
3099,29,24.17241379310345,20
3100,31,23.258064516129032,20
3101,30,24.733333333333334,21
3102,29,24.75862068965517,19
3103,30,23.2,18
3104,30,22.6,20
3105,30,15.833333333333334,14
3106,30,10.3,12
3107,31,4.741935483870968,11
3108,29,1.0689655172413792,12
3109,28,1.6071428571428572,14
3110,28,2.142857142857143,15
3111,28,2.6785714285714284,15
3112,29,3.1724137931034484,17
3113,30,3.6666666666666665,18
3114,29,4.482758620689655,20
3115,27,5.555555555555555,20
3116,29,5.896551724137931,21
3117,29,6.620689655172414,21
3118,28,7.607142857142857,21
3119,29,8.068965517241379,21
3120,27,9.444444444444445,21
3121,29,9.517241379310345,21
3122,29,10.241379310344827,21
3123,29,10.96551724137931,21
3124,29,11.689655172413794,21
3125,28,12.857142857142858,21
3126,29,13.137931034482758,21
3127,29,13.862068965517242,21
3128,29,14.586206896551724,21
3129,29,15.310344827586206,21
3130,28,16.607142857142858,21
3131,29,16.75862068965517,21
3132,29,17.482758620689655,21
3133,29,18.20689655172414,21
3134,28,19.607142857142858,21
3135,29,19.655172413793103,21
3136,29,20.379310344827587,21
3137,29,21.103448275862068,21
3138,30,21.1,21
3139,29,22.551724137931036,21
3140,30,22.5,21
3141,30,23.2,21
3142,29,24.724137931034484,21
3143,29,25.448275862068964,21
3144,28,27.107142857142858,21
3145,29,25.586206896551722,20
3146,28,25.964285714285715,19
3147,27,26.333333333333332,18
3148,29,23.93103448275862,17
3149,28,22.714285714285715,17
3150,27,15.814814814814815,12
3151,26,8.5,9
3152,27,0.5555555555555556,7
3153,29,0.896551724137931,11
3154,29,1.3103448275862069,12
3155,30,1.7666666666666666,15
3156,29,2.3793103448275863,16
3157,30,2.966666666666667,20
3158,28,3.9285714285714284,21
3159,30,4.4,22
3160,28,5.5,22
3161,28,6.285714285714286,22
3162,30,6.6,22
3163,29,7.586206896551724,22
3164,30,8.066666666666666,22
3165,29,9.10344827586207,22
3166,30,9.533333333333333,22
3167,30,10.266666666666667,22
3168,29,11.379310344827585,22
3169,28,12.571428571428571,22
3170,30,12.466666666666667,22
3171,28,14.142857142857142,22
3172,30,13.933333333333334,22
3173,29,15.172413793103448,22
3174,29,15.931034482758621,22
3175,29,16.689655172413794,22
3176,28,18.071428571428573,22
3177,29,18.20689655172414,22
3178,28,19.642857142857142,22
3179,29,19.724137931034484,22
3180,29,20.482758620689655,22
3181,28,22.0,22
3182,29,22.0,22
3183,30,22.0,22
3184,28,24.357142857142858,22
3185,30,23.466666666666665,22
3186,28,25.928571428571427,22
3187,28,26.714285714285715,22
3188,29,26.551724137931036,22
3189,29,27.310344827586206,22
3190,29,26.724137931034484,21
3191,28,27.107142857142858,20
3192,29,24.20689655172414,18
3193,29,22.310344827586206,18
3194,29,21.620689655172413,17
3195,28,15.285714285714286,14
3196,28,9.5,12
3197,29,3.7586206896551726,12
3198,28,1.3214285714285714,13
3199,28,1.8214285714285714,14
3200,28,2.357142857142857,15
3201,30,2.7666666666666666,17
3202,29,3.5172413793103448,19
3203,29,4.137931034482759,19
3204,29,4.827586206896552,20
3205,28,5.75,21
3206,30,6.066666666666666,21
3207,28,7.25,21
3208,28,8.0,21
3209,29,8.448275862068966,21
3210,29,9.172413793103448,21
3211,29,9.89655172413793,21
3212,29,10.620689655172415,21
3213,29,11.344827586206897,21
3214,29,12.068965517241379,21
3215,30,12.366666666666667,21
3216,29,13.517241379310345,21
3217,28,14.75,21
3218,28,15.5,21
3219,29,15.689655172413794,21
3220,28,17.0,21
3221,29,17.137931034482758,21
3222,27,19.185185185185187,21
3223,28,19.25,21
3224,29,19.310344827586206,21
3225,28,20.75,21
3226,29,20.79310344827586,22
3227,28,22.25,21
3228,28,23.0,21
3229,29,22.93103448275862,21
3230,30,22.866666666666667,21
3231,29,24.379310344827587,21
3232,29,25.103448275862068,21
3233,28,26.75,21
3234,29,26.551724137931036,21
3235,28,28.25,21
3236,29,28.0,21
3237,29,27.344827586206897,20
3238,30,24.366666666666667,18
3239,29,23.137931034482758,17
3240,28,15.214285714285714,12
3241,28,7.892857142857143,11
3242,27,0.6666666666666666,9
3243,28,1.0357142857142858,11
3244,30,1.4333333333333333,14
3245,30,2.0,17
3246,29,2.689655172413793,18
3247,30,3.2666666666666666,20
3248,29,4.137931034482759,22
3249,29,4.896551724137931,22
3250,29,5.655172413793103,22
3251,28,6.642857142857143,22
3252,30,6.933333333333334,22
3253,28,8.214285714285714,22
3254,30,8.4,22
3255,29,9.448275862068966,22
3256,29,10.206896551724139,22
3257,30,10.6,22
3258,28,12.142857142857142,22
3259,30,12.066666666666666,22
3260,28,13.714285714285714,22
3261,30,13.533333333333333,22
3262,30,14.266666666666667,22
3263,28,16.071428571428573,22
3264,30,15.733333333333333,22
3265,28,17.642857142857142,22
3266,29,17.79310344827586,22
3267,28,19.214285714285715,22
3268,29,19.310344827586206,22
3269,28,20.785714285714285,22
3270,29,20.82758620689655,22
3271,30,20.866666666666667,22
3272,29,22.344827586206897,22
3273,30,22.333333333333332,22
3274,30,23.066666666666666,22
3275,29,24.655172413793103,23
3276,28,26.285714285714285,22
3277,28,25.785714285714285,21
3278,28,25.321428571428573,20
3279,27,24.37037037037037,18
3280,28,21.678571428571427,16
3281,28,21.035714285714285,16
3282,30,19.0,15
3283,29,20.20689655172414,16
3284,29,20.620689655172413,15
3285,28,15.357142857142858,13
3286,28,9.285714285714286,8
3287,29,3.206896551724138,7
3288,29,0.6206896551724138,10
3289,29,1.0344827586206897,13
3290,27,1.6666666666666667,15
3291,30,2.066666666666667,17
3292,30,2.6333333333333333,17
3293,28,3.4642857142857144,18
3294,28,4.178571428571429,20
3295,29,4.758620689655173,21
3296,29,5.482758620689655,21
3297,29,6.206896551724138,21
3298,29,6.931034482758621,21
3299,29,7.655172413793103,21
3300,29,8.379310344827585,21
3301,29,9.10344827586207,21
3302,28,10.178571428571429,21
3303,29,10.551724137931034,21
3304,29,11.275862068965518,21
3305,28,12.428571428571429,21
3306,29,12.724137931034482,21
3307,29,13.448275862068966,21
3308,28,14.678571428571429,21
3309,29,14.89655172413793,21
3310,29,15.620689655172415,21
3311,29,16.344827586206897,21
3312,29,17.06896551724138,21
3313,28,18.428571428571427,21
3314,29,18.517241379310345,21
3315,27,20.666666666666668,21
3316,29,19.96551724137931,21
3317,29,20.689655172413794,21
3318,29,21.413793103448278,21
3319,29,22.137931034482758,21
3320,29,22.862068965517242,21
3321,29,23.586206896551722,21
3322,29,24.310344827586206,21
3323,28,25.928571428571427,21
3324,29,25.75862068965517,21
3325,28,27.428571428571427,21
3326,29,27.20689655172414,21
3327,29,26.551724137931036,20
3328,28,26.785714285714285,19
3329,29,23.724137931034484,17
3330,28,16.071428571428573,12
3331,28,7.5,6
3332,27,0.2222222222222222,4
3333,28,0.5357142857142857,9
3334,29,1.0344827586206897,15
3335,29,1.5172413793103448,15
3336,29,2.1379310344827585,18
3337,29,2.793103448275862,19
3338,28,3.607142857142857,20
3339,29,4.241379310344827,22
3340,30,4.833333333333333,22
3341,28,5.642857142857143,21
3342,30,5.733333333333333,20
3343,29,6.379310344827586,19
3344,30,6.6,18
3345,30,7.2,18
3346,28,8.357142857142858,18
3347,29,8.724137931034482,19
3348,30,9.1,20
3349,28,10.464285714285714,20
3350,30,10.433333333333334,20
3351,29,11.517241379310345,21
3352,30,11.866666666666667,22
3353,28,13.5,22
3354,28,14.285714285714286,22
3355,30,14.066666666666666,22
3356,28,15.857142857142858,22
3357,29,16.06896551724138,22
3358,29,16.82758620689655,22
3359,29,17.586206896551722,22
3360,28,19.0,22
3361,29,19.103448275862068,22
3362,29,19.862068965517242,22
3363,28,20.75,21
3364,27,20.51851851851852,19
3365,28,18.857142857142858,17
3366,28,17.892857142857142,15
3367,29,16.79310344827586,14
3368,30,16.7,14
3369,28,18.464285714285715,16
3370,28,19.035714285714285,16
3371,28,19.678571428571427,18
3372,29,19.448275862068964,17
3373,30,19.366666666666667,18
3374,29,20.482758620689655,19
3375,28,15.392857142857142,15
3376,28,9.535714285714286,11
3377,29,3.4482758620689653,8
3378,29,0.8275862068965517,9
3379,29,1.2413793103448276,12
3380,28,1.7857142857142858,14
3381,29,2.2758620689655173,16
3382,29,2.896551724137931,18
3383,29,3.5172413793103448,18
3384,29,4.172413793103448,19
3385,28,5.035714285714286,20
3386,28,5.785714285714286,21
3387,28,6.535714285714286,21
3388,27,7.555555555555555,21
3389,28,7.642857142857143,20
3390,28,8.0,19
3391,28,8.321428571428571,18
3392,29,8.379310344827585,17
3393,29,8.689655172413794,16
3394,28,9.571428571428571,16
3395,28,10.142857142857142,16
3396,28,10.785714285714286,18
3397,28,11.428571428571429,18
3398,29,11.655172413793103,18
3399,28,12.75,19
3400,30,12.566666666666666,20
3401,29,13.724137931034482,21
3402,28,14.964285714285714,21
3403,27,16.296296296296298,21
3404,28,16.464285714285715,21
3405,28,17.214285714285715,21
3406,29,17.344827586206897,21
3407,28,18.714285714285715,21
3408,29,18.79310344827586,21
3409,29,19.517241379310345,21
3410,29,20.24137931034483,21
3411,29,20.96551724137931,21
3412,29,21.689655172413794,21
3413,29,22.413793103448278,21
3414,30,22.366666666666667,21
3415,29,23.862068965517242,21
3416,29,24.586206896551722,21
3417,28,25.428571428571427,20
3418,29,23.03448275862069,18
3419,28,22.321428571428573,16
3420,28,14.357142857142858,13
3421,28,6.428571428571429,10
3422,27,0.6666666666666666,9
3423,28,1.0357142857142858,11
3424,30,1.4666666666666666,15
3425,29,2.103448275862069,17
3426,30,2.6666666666666665,19
3427,30,3.3333333333333335,20
3428,30,4.066666666666666,22
3429,30,4.8,22
3430,28,5.928571428571429,22
3431,29,6.482758620689655,22
3432,29,7.241379310344827,22
3433,29,8.0,22
3434,29,8.758620689655173,22
3435,28,9.857142857142858,22
3436,30,9.933333333333334,22
3437,29,11.03448275862069,22
3438,28,12.214285714285714,22
3439,30,12.133333333333333,22
3440,28,13.785714285714286,22
3441,30,13.6,22
3442,29,14.827586206896552,22
3443,30,15.066666666666666,22
3444,30,15.8,22
3445,29,17.103448275862068,22
3446,30,17.3,23
3447,29,18.620689655172413,22
3448,28,20.071428571428573,22
3449,30,19.466666666666665,22
3450,29,20.896551724137932,22
3451,29,20.689655172413794,21
3452,27,21.962962962962962,20
3453,29,20.17241379310345,19
3454,28,20.607142857142858,18
3455,30,19.833333333333332,18
3456,30,20.433333333333334,18
3457,30,21.066666666666666,19
3458,29,22.482758620689655,20
3459,29,23.17241379310345,20
3460,29,23.896551724137932,21
3461,30,23.833333333333332,22
3462,28,26.107142857142858,21
3463,30,23.5,20
3464,28,24.321428571428573,19
3465,28,16.928571428571427,14
3466,28,9.714285714285714,12
3467,30,3.6333333333333333,11
3468,29,1.103448275862069,11
3469,28,1.6428571428571428,14
3470,28,2.2142857142857144,16
3471,29,2.7241379310344827,17
3472,29,3.3793103448275863,19
3473,29,4.0,19
3474,29,4.689655172413793,20
3475,28,5.607142857142857,21
3476,28,6.035714285714286,20
3477,28,6.428571428571429,19
3478,27,7.074074074074074,18
3479,29,7.0,17
3480,30,7.333333333333333,17
3481,29,8.206896551724139,18
3482,28,9.142857142857142,18
3483,30,9.166666666666666,19
3484,29,10.137931034482758,19
3485,29,10.827586206896552,20
3486,29,11.551724137931034,21
3487,29,12.275862068965518,21
3488,29,13.0,21
3489,29,13.724137931034482,21
3490,28,14.964285714285714,21
3491,29,14.793103448275861,20
3492,28,15.678571428571429,19
3493,28,16.035714285714285,18
3494,29,15.793103448275861,17
3495,30,15.833333333333334,17
3496,29,16.96551724137931,17
3497,28,18.214285714285715,18
3498,28,18.857142857142858,18
3499,28,19.535714285714285,19
3500,29,19.517241379310345,19
3501,28,20.928571428571427,20
3502,29,20.93103448275862,21
3503,28,22.428571428571427,21
3504,29,22.379310344827587,21
3505,29,23.103448275862068,21
3506,28,24.678571428571427,21
3507,29,24.17241379310345,20
3508,29,24.517241379310345,19
3509,28,24.214285714285715,17
3510,27,17.074074074074073,12
3511,28,9.071428571428571,8
3512,26,1.7692307692307692,6
3513,27,0.6296296296296297,9
3514,29,0.9310344827586207,10
3515,29,1.4482758620689655,15
3516,29,2.0344827586206895,17
3517,30,2.566666666666667,18
3518,28,3.5357142857142856,22
3519,29,4.172413793103448,22
3520,28,5.107142857142857,22
3521,29,5.689655172413793,22
3522,29,6.448275862068965,22
3523,29,7.206896551724138,22
3524,28,8.25,22
3525,29,8.724137931034482,22
3526,29,9.482758620689655,22
3527,29,10.241379310344827,22
3528,29,11.0,22
3529,28,12.178571428571429,22
3530,29,12.517241379310345,22
3531,30,12.833333333333334,22
3532,30,13.566666666666666,22
3533,30,14.3,22
3534,28,16.107142857142858,22
3535,29,16.310344827586206,22
3536,30,16.5,22
3537,28,18.464285714285715,22
3538,30,17.966666666666665,22
3539,28,20.035714285714285,22
3540,28,20.821428571428573,22
3541,30,20.166666666666668,22
3542,30,20.933333333333334,23
3543,28,23.178571428571427,22
3544,30,22.366666666666667,22
3545,28,24.75,22
3546,29,24.655172413793103,22
3547,29,25.413793103448278,22
3548,28,25.821428571428573,21
3549,29,23.20689655172414,19
3550,28,22.178571428571427,17
3551,28,20.357142857142858,15
3552,29,18.96551724137931,14
3553,30,18.8,14
3554,29,20.0,16
3555,28,14.857142857142858,12
3556,28,9.071428571428571,9
3557,29,3.206896551724138,7
3558,29,0.6551724137931034,8
3559,29,1.0689655172413792,12
3560,28,1.6071428571428572,14
3561,29,2.1379310344827585,17
3562,29,2.7241379310344827,17
3563,29,3.3793103448275863,19
3564,29,4.0,19
3565,28,4.857142857142857,20
3566,28,5.571428571428571,20
3567,29,6.103448275862069,21
3568,29,6.827586206896552,21
3569,29,7.551724137931035,21
3570,28,8.571428571428571,21
3571,28,9.321428571428571,21
3572,29,9.724137931034482,21
3573,28,10.821428571428571,21
3574,29,11.172413793103448,21
3575,29,11.89655172413793,21
3576,29,12.620689655172415,21
3577,29,13.344827586206897,21
3578,28,14.571428571428571,21
3579,29,14.793103448275861,21
3580,29,15.517241379310345,21
3581,29,16.24137931034483,21
3582,28,17.571428571428573,21
3583,29,17.689655172413794,21
3584,29,18.413793103448278,21
3585,29,18.24137931034483,20
3586,29,18.03448275862069,19
3587,28,18.464285714285715,18
3588,28,18.25,17
3589,29,17.413793103448278,16
3590,28,18.642857142857142,17
3591,28,19.25,17
3592,27,20.62962962962963,18
3593,29,19.82758620689655,18
3594,29,20.482758620689655,19
3595,28,21.928571428571427,20
3596,29,21.896551724137932,21
3597,28,23.142857142857142,20
3598,28,23.607142857142858,19
3599,29,21.82758620689655,18
